a,c_informal,c_formal,sflow_informal,sflow_formal
-0.099,0.3423,0.531656808944297,0,0.264187510161273
-0.0917052932761087,0.351853885583603,0.458771961845236,-0.0102904329402461,0.344433789037479
-0.0844105865522175,0.355834345805086,0.459770397608291,-0.0144500979821607,0.343408456765358
-0.0771158798283262,0.35892772304655,0.460724428877119,-0.0176339717460553,0.342431969436886
-0.0698211731044349,0.36155402893399,0.461644325458895,-0.0203040670205225,0.341493030264171
-0.0625264663805436,0.363879477233384,0.462536411494144,-0.0226432189481383,0.340584682692636
-0.0552317596566524,0.365990233716095,0.463405023424868,-0.024746209877404,0.339702156636079
-0.0479370529327611,0.367937827556898,0.464253339995422,-0.0266697219005712,0.338841955475709
-0.0406423462088698,0.369755987531508,0.465083800676151,-0.0284508566709246,0.338001395794145
-0.0333476394849785,0.371468220899145,0.465898341587983,-0.0301154721736088,0.337178347858368
-0.0260529327610873,0.373091687501638,0.466698539475654,-0.0316824442346348,0.336371077249169
-0.018758226037196,0.374639368231334,0.467485704922552,-0.0331660518355838,0.335578142324821
-0.0114635193133047,0.376121364784001,0.468260945547426,-0.0345774068418005,0.334798324704698
-0.00416881258941344,0.377545721638946,0.46902521046229,-0.0359253581805225,0.334030580365587
0.00312589413447781,0.37903504025596,0.469777317453954,-0.0374072853402113,0.333276209741996
0.0104206008583691,0.380617200841479,0.470515633835962,-0.0390747149170433,0.332537008789026
0.0177153075822604,0.382135288372682,0.471241200538856,-0.0406716641341274,0.331811832483081
0.0250100143061517,0.383596584775155,0.471954917633356,-0.0422061431096087,0.331099690746369
0.0323047210300429,0.385007088532549,0.472657571274773,-0.0436847501755038,0.33039971880805
0.0395994277539342,0.386371810752135,0.473349854132092,-0.0451129975498086,0.329711154732238
0.0468941344778255,0.387694988800322,0.474032381171971,-0.0464955463355756,0.32903332205561
0.0541888412017167,0.388980243937226,0.474705702055171,-0.0478363799189313,0.328365616151329
0.061483547925608,0.390230699912314,0.475370311013396,-0.0491389344242891,0.327707493364521
0.0687782546494993,0.391449073726038,0.476026654819329,-0.050406198552147,0.327058462245233
0.0760729613733906,0.39263774614888,0.47667513929145,-0.0516407911500344,0.326418076393139
0.0833676680972818,0.393798817257044,0.477316134656894,-0.0528450223017755,0.32578592855839
0.0906623748211731,0.394934150701582,0.477949980014082,-0.0540209420235291,0.325161645732722
0.0979570815450644,0.396045409384892,0.478576987076679,-0.055170379507931,0.324544885031104
0.105251788268956,0.397134084499261,0.479197443339098,-0.056294975066498,0.323935330209682
0.112546494992847,0.3982015193775,0.479811614771061,-0.0573962063653218,0.323332688701761
0.119841201716738,0.399248929245376,0.480419748126333,-0.0584754101527465,0.322736689078202
0.127135908440629,0.400277417705259,0.481022072932225,-0.0595338003913788,0.322147078858959
0.134430615164521,0.40128799058863,0.481618803213562,-0.0605724834958483,0.321563622616727
0.141725321888412,0.40228156767342,0.482210138994063,-0.0615924712218778,0.320986100325415
0.149020028612303,0.403258992655176,0.482796267609926,-0.0625946916345709,0.320414305915204
0.156314735336195,0.404221041679863,0.483377364864246,-0.0635799984944875,0.319848046002692
0.163609442060086,0.40516843068425,0.483953596045708,-0.0645491793320747,0.319287138770322
0.170904148783977,0.406101821741273,0.484525116830922,-0.0655029624275603,0.318731412973825
0.178198855507868,0.407021828570541,0.485092074086594,-0.066442022872516,0.318180707059825
0.18549356223176,0.407929021344424,0.485654606585056,-0.0673669878565486,0.317634868378756
0.192788268955651,0.40882393089676,0.486212845644636,-0.0682784412968791,0.317093752480457
0.200082975679542,0.409707052422447,0.486766915704319,-0.0691769279078966,0.316557222482044
0.207377682403433,0.410578848741408,0.487316934841173,-0.0700629567915149,0.316025148498744
0.214672389127325,0.41143975318779,0.487863015237249,-0.0709370046152961,0.315497407130299
0.221967095851216,0.412290172175886,0.488405263602056,-0.071799518434963,0.31497388099625
0.229261802575107,0.413130487485889,0.488943781555922,-0.0726509182087272,0.314454458314237
0.236556509298999,0.413961058305856,0.489478665978429,-0.0734915990434514,0.313939032516718
0.24385121602289,0.414782223061139,0.490010009325901,-0.074321933207024,0.313427501901738
0.251145922746781,0.415594301057507,0.490537899921462,-0.0751422719357897,0.31291976931386
0.258440629470672,0.416397593960837,0.491062422220199,-0.0759529470622136,0.312415741852488
0.265735336194564,0.417192387132608,0.49158365705247,-0.0767542724839234,0.311915330604228
0.273030042918455,0.417978950838218,0.492101681847245,-0.0775465454928553,0.311418450397215
0.280324749642346,0.418757541342458,0.492616570837563,-0.0783300479802804,0.310925019575104
0.287619456366238,0.419528401904826,0.493128395249983,-0.079105047531646,0.310434959788681
0.294914163090129,0.420291763685728,0.493637223479362,-0.0798717984233995,0.309948195803604
0.30220886981402,0.421047846572934,0.494143121250501,-0.080630542532087,0.309464655322589
0.309503576537911,0.421796859936961,0.494646151767792,-0.0813815101652781,0.308984268820808
0.316798283261803,0.422539003322453,0.495146375853969,-0.0821249208220803,0.308506969393252
0.324092989985694,0.423274467082279,0.495643852078959,-0.0828609838906497,0.308032692613002
0.331387696709585,0.424003432959891,0.496138636879656,-0.0835898992887838,0.307561376399474
0.338682403433476,0.42472607462512,0.496630784671481,-0.0843118580532977,0.307092960895705
0.345977110157368,0.425442558167844,0.497120347952266,-0.085027042883055,0.306627388354081
0.353271816881259,0.42615304255342,0.497607377399325,-0.08573562863995,0.306164603029555
0.36056652360515,0.426857680043618,0.498091921960033,-0.0864377828119283,0.305704551080015
0.367861230329041,0.427556616586059,0.498574028936614,-0.0871336659413743,0.305247180473015
0.375155937052933,0.428249992175015,0.499053744065546,-0.0878234320219868,0.304792440898428
0.382450643776824,0.428937941186108,0.49953111159193,-0.0885072288669511,0.304340283686645
0.389745350500715,0.429620592687309,0.500006174339273,-0.089185198451033,0.303890661731806
0.397040057224607,0.430298070727935,0.500478973775145,-0.0898574772284824,0.303443529419587
0.404334763948498,0.430970494607921,0.500949550072697,-0.0905241964292287,0.302998842559518
0.411629470672389,0.431637979128682,0.50141794216878,-0.0911854823348261,0.302556558321066
0.41892417739628,0.432300634827173,0.50188418781845,-0.0918414565359271,0.302116635173668
0.426218884120172,0.432958568194624,0.50234832364655,-0.0924922361728849,0.301679032829996
0.433513590844063,0.433611881880916,0.502810385196208,-0.0931379341605671,0.301243712192612
0.440808297567954,0.434260674885973,0.503270406974768,-0.0937786593988907,0.300810635303435
0.448103004291846,0.434905042739011,0.503728422497082,-0.094414516969994,0.300379765296128
0.455397711015737,0.435545077666635,0.50418446432645,-0.0950456083231411,0.299951066351063
0.462692417739628,0.43618086875061,0.504638564113543,-0.0956720314482744,0.299524503652499
0.469987124463519,0.43681250207606,0.505090752632991,-0.0962938810390304,0.299100043348345
0.477281831187411,0.437440060870815,0.505541059818222,-0.0969112486460222,0.29867765251183
0.484576537911302,0.438063625636542,0.505989514794539,-0.0975242228210829,0.29825729910512
0.491871244635193,0.43868327427219,0.506436145910396,-0.0981328892530569,0.297838951944916
0.499165951359084,0.439299082190411,0.506880980767162,-0.0987373308958611,0.297422580669712
0.506460658082976,0.439911122427292,0.507324046247378,-0.0993376280891916,0.297008155708713
0.513755364806867,0.440519465746009,0.50776536854171,-0.099933858672541,0.296595648252187
0.521050071530758,0.441124180734661,0.508204973174413,-0.100526098092819,0.296185030223453
0.52834477825465,0.441725333898829,0.508642885027802,-0.101114419506165,0.295776274251965
0.535639484978541,0.442322989749052,0.509079128365349,-0.101698893874171,0.295369353647901
0.542934191702432,0.442917210883763,0.509513726853859,-0.102279590055115,0.294964242377779
0.550228898426323,0.443508058067622,0.509946703584515,-0.102856574890121,0.294560915041296
0.557523605150215,0.444095590306034,0.510378081092979,-0.103429913285135,0.294159346849225
0.564818311874106,0.444679864915617,0.510807881378683,-0.103999668288437,0.29375951360219
0.572113018597997,0.445260937591153,0.511236125923025,-0.104565901164289,0.293361391670653
0.579407725321888,0.44583886246918,0.511662835707016,-0.10512867146288,0.292964957975501
0.58670243204578,0.446413692188399,0.512088031228029,-0.105688037086781,0.292570189969626
0.593997138769671,0.44698547794706,0.512511732515737,-0.106244054354069,0.292177065620386
0.601291845493562,0.447554269557649,0.512933959147579,-0.106796778058478,0.291785563392598
0.608586552217454,0.448120115498811,0.513354730263313,-0.107346261526518,0.29139566223253
0.615881258941345,0.448683062964899,0.513774064579191,-0.107892556671976,0.291007341552304
0.623175965665236,0.449243157913104,0.514191980401433,-0.108435714047762,0.290620581215076
0.630470672389127,0.449800445108494,0.514608495639077,-0.108975782895452,0.290235361520907
0.637765379113019,0.450354968166791,0.51502362781642,-0.10951281119234,0.289851663193068
0.64506008583691,0.450906769595373,0.515437394084975,-0.110046845696541,0.289469467364896
0.652354792560801,0.451455890832313,0.515849811234771,-0.110577931989936,0.28908875556736
0.659649499284693,0.452002372283688,0.516260895705409,-0.11110611451921,0.288709509716896
0.666944206008584,0.452546253359222,0.516670663596596,-0.111631436635058,0.28833171210383
0.674238912732475,0.453087572506376,0.51707913067814,-0.112153940629689,0.287955345381371
0.681533619456366,0.453626367243004,0.517486312399918,-0.112673667772741,0.287580392554653
0.688828326180258,0.454162674188437,0.517892223900994,-0.113190658345479,0.287206836970709
0.696123032904149,0.454696529093463,0.518296880018819,-0.113704951673767,0.28683466230834
0.70341773962804,0.455227966868801,0.518700295297756,-0.114216586159401,0.286463852568748
0.710712446351931,0.455757021612606,0.519102483997516,-0.114725599310347,0.286094392066251
0.718007153075823,0.45628372663669,0.51950346010116,-0.1152320277696,0.285726265419483
0.725301859799714,0.456808114491668,0.519903237322854,-0.115735907342838,0.285359457542857
0.732596566523605,0.457330216991134,0.520301829115345,-0.116237273025012,0.284993953638356
0.739891273247496,0.457850065234823,0.520699248677097,-0.116736159025831,0.284629739187668
0.747185979971388,0.4583676896309,0.521095508959358,-0.117232598794276,0.28426679994442
0.754480686695279,0.458883119917249,0.521490622672681,-0.117726625042021,0.283905121927004
0.76177539341917,0.459396385182054,0.521884602293561,-0.118218269766067,0.283544691411275
0.769070100143062,0.459907513883479,0.522277460070541,-0.118707564270396,0.283185494923835
0.776364806866953,0.460416533868671,0.522669208030319,-0.119194539186868,0.282827519235318
0.783659513590844,0.460923472391898,0.523059857983514,-0.11967922449518,0.282470751354043
0.790954220314735,0.461428356132227,0.523449421530285,-0.120161649542303,0.282115178519834
0.798248927038627,0.461931211210244,0.523837910065801,-0.120641843060882,0.281760788198005
0.805543633762518,0.462432063204423,0.524225334785457,-0.12111983318724,0.281407568073622
0.812838340486409,0.462930937166693,0.524611706689974,-0.121595647478498,0.281055506045893
0.820133047210301,0.463427857637525,0.524997036590302,-0.122069312929175,0.280704590222771
0.827427753934192,0.463922848660443,0.525381335112352,-0.122540855987145,0.280354808915755
0.834722460658083,0.46441593379605,0.525764612701618,-0.123010302569074,0.2800061506348
0.842017167381974,0.464907136135442,0.526146879627628,-0.123477678075166,0.279658604083429
0.849311874105866,0.465396478313317,0.526528145988215,-0.12394300740359,0.279312158154023
0.856606580829757,0.465883982520399,0.526908421713748,-0.124406314964142,0.278966801923175
0.863901287553648,0.466369670515666,0.527287716571164,-0.124867624691697,0.278622524647256
0.871195994277539,0.466853563637958,0.52766604016781,-0.125326960058979,0.278279315758184
0.878490701001431,0.467335682817286,0.528043401955343,-0.125784344089001,0.277937164859137
0.885785407725322,0.467816048585751,0.528419811233352,-0.126239799367073,0.277596061720566
0.893080114449213,0.468294681088014,0.528795277152943,-0.126693348052323,0.277255996276255
0.900374821173104,0.468771600091536,0.529169808720196,-0.127145011888959,0.276916958619516
0.907669527896996,0.46924682499633,0.529543414799517,-0.127594812216993,0.276578938999502
0.914964234620887,0.469720374844554,0.529916104116919,-0.128042769982801,0.276241927817597
0.922258941344778,0.470192268329628,0.530287885263165,-0.128488905749143,0.275905915623966
0.92955364806867,0.470662523805134,0.530658766696817,-0.12893323970496,0.275570893114188
0.936848354792561,0.471131159293466,0.531028756747274,-0.129375791674887,0.275236851125924
0.944143061516452,0.471598192494097,0.531397863617619,-0.129816581128342,0.274903780635783
0.951437768240343,0.472063640791662,0.531766095387442,-0.130255627188424,0.274571672756217
0.958732474964235,0.472527521263729,0.532133460015594,-0.130692948640459,0.274240518732489
0.966027181688126,0.472989850688403,0.532499965342787,-0.131128563940362,0.273910309939816
0.973321888412017,0.473450645551569,0.532865619094237,-0.131562491222605,0.273581037880459
0.980616595135908,0.473909922054059,0.533230428882134,-0.131994748308106,0.273252694181012
0.9879113018598,0.474367696118451,0.533594402208096,-0.132425352711698,0.272925270589692
0.995206008583691,0.474823983395793,0.533957546465546,-0.132854321649535,0.272598758973736
1.00250071530758,0.475278799271961,0.534319868941973,-0.133281672046082,0.272273151316905
1.00979542203147,0.47573215887404,0.53468137682125,-0.133707420541129,0.271948439716939
1.01709012875536,0.476184077076274,0.53504207718575,-0.134131583496347,0.271624616383229
1.02438483547926,0.476634568506037,0.535401977018534,-0.134554177001848,0.271301673634405
1.03167954220315,0.477083647549522,0.535761083205378,-0.134975216882443,0.270979603896115
1.03897424892704,0.477531328357272,0.536119402536779,-0.135394718703729,0.270658399698813
1.04626895565093,0.477977624849552,0.536476941709961,-0.135812697777998,0.270338053675552
1.05356366237482,0.478422550721624,0.536833707330747,-0.136229169170039,0.270018558559926
1.06085836909871,0.478866119448779,0.537189705915439,-0.13664414770267,0.269699907184004
1.0681530758226,0.479308344291255,0.537544943892631,-0.137057647962155,0.269382092476331
1.0754477825465,0.479749238299054,0.537899427604961,-0.137469684303495,0.269065107460008
1.08274248927039,0.48018881431663,0.538253163310863,-0.137880270855589,0.268748945250754
1.09003719599428,0.480627084987266,0.538606157186198,-0.13828942152605,0.268433599055124
1.09733190271817,0.48106406275764,0.53895841532597,-0.138697150006222,0.268119062168614
1.10462660944206,0.481499759881971,0.539309943745823,-0.139103469775747,0.267805327974016
1.11192131616595,0.481934188426277,0.539660748383662,-0.139508394107245,0.267492389939632
1.11921602288984,0.482367360272268,0.540010835101186,-0.139911936070597,0.267180241617593
1.12651072961373,0.482799287121443,0.54036020968532,-0.14031410853745,0.266868876642285
1.13380543633763,0.483229980498743,0.540708877849652,-0.140714924185242,0.266558288728758
1.14110014306152,0.483659451756444,0.541056845235938,-0.141114395501474,0.266248471671083
1.14839484978541,0.484087712077607,0.541404117415364,-0.141512534787514,0.265939419340954
1.1556895565093,0.484514772479719,0.541750699889974,-0.141909354162598,0.265631125686121
1.16298426323319,0.484940643818044,0.542096598093922,-0.142304865567516,0.265323584729018
1.17027896995708,0.485365336789012,0.542441817394788,-0.142699080768343,0.265016790565304
1.17757367668097,0.485788861933457,0.542786363094863,-0.143092011359994,0.26471073736246
1.18486838340486,0.486211229639759,0.543130240432268,-0.143483668769687,0.264405419358554
1.19216309012876,0.486632450146928,0.543473454582259,-0.143874064260333,0.264100830860802
1.19945779685265,0.487052533547654,0.543816010658341,-0.144263208933893,0.263796966244351
1.20675250357654,0.487471489791167,0.544157913713384,-0.144651113734519,0.263493819951043
1.21404721030043,0.48788932868617,0.544499168740827,-0.145037789451783,0.263191386488094
1.22134191702432,0.488306059903507,0.544839780675675,-0.145423246723614,0.262889660427
1.22863662374821,0.488721692978949,0.545179754395586,-0.145807496039362,0.262588636402338
1.2359313304721,0.489136237315908,0.54551909472197,-0.146190547742778,0.262288309110554
1.24322603719599,0.489549702187793,0.545857806420919,-0.146572412034613,0.261988673308949
1.25052074391989,0.489962096740754,0.546195894204295,-0.14695309897563,0.261689723814474
1.25781545064378,0.490373429995999,0.546533362730621,-0.147332618489161,0.261391455502755
1.26511015736767,0.49078371085224,0.546870216606088,-0.147710980363787,0.26109386330698
1.27240486409156,0.491192948087963,0.547206460385493,-0.148088194255843,0.260796942216874
1.27969957081545,0.491601150363788,0.547542098573086,-0.148464269692012,0.26050068727776
1.28699427753934,0.492008326224633,0.547877135623582,-0.148839216071703,0.260205093589453
1.29428898426323,0.492414484101893,0.548211575942868,-0.14921304266945,0.259910156305477
1.30158369098712,0.492819632315542,0.548545423889065,-0.149585758637225,0.259615870631899
1.30887839771102,0.493223779076261,0.548878683773158,-0.149957373006777,0.259322231826636
1.31617310443491,0.493626932487364,0.54921135986001,-0.150327894691751,0.259029235198338
1.3234678111588,0.494029100546813,0.54954345636901,-0.150697332489906,0.258736876105677
1.33076251788269,0.494430291149156,0.549874977474925,-0.151065695085245,0.258445149956409
1.33805722460658,0.494830512087412,0.550205927308722,-0.151432991050087,0.258154052206471
1.34535193133047,0.495229771054846,0.55053630995824,-0.151799228847026,0.257863578359241
1.35264663805436,0.495628075646829,0.550866129468958,-0.152164416830968,0.25757372396469
1.35994134477825,0.496025433362529,0.551195389844768,-0.152528563251,0.257284484618538
1.36723605150215,0.496421851606696,0.551524095048631,-0.152891676252344,0.256995855961527
1.37453075822604,0.496817337691262,0.551852249003253,-0.153253763878127,0.256707833678682
1.38182546494993,0.497211898837046,0.552179855591915,-0.153614834071251,0.256420413498393
1.38912017167382,0.49760554217532,0.552506918658915,-0.153974894676114,0.256133591191932
1.39641487839771,0.497998274749335,0.552833442010431,-0.154333953440291,0.255847362572503
1.4037095851216,0.49839010351591,0.553159429415076,-0.154692018016285,0.255561723494632
1.41100429184549,0.498781035346931,0.553484884604526,-0.155049095963169,0.255276669853476
1.41829899856939,0.499171077030735,0.553809811274171,-0.155405194748115,0.254992197584105
1.42559370529328,0.499560235273658,0.554134213083707,-0.155760321748091,0.254708302660855
1.43288841201717,0.499948516701297,0.554458093657766,-0.156114484251255,0.254424981096629
1.44018311874106,0.50033592786002,0.554781456586402,-0.156467689458612,0.254142228942369
1.44747782546495,0.500722475218224,0.55510430542585,-0.156819944485397,0.253860042286214
1.45477253218884,0.501108165167627,0.555426643698882,-0.157171256362501,0.253578417253118
1.46206723891273,0.501493004024641,0.555748474895543,-0.157521632037978,0.25329735000403
1.46936194563662,0.501876998031529,0.556069802473597,-0.157871078378316,0.25301683673541
1.47665665236052,0.502260153357691,0.55639062985905,-0.158219602169856,0.25273687367865
1.48395135908441,0.502642476100874,0.556710960446788,-0.158567210120118,0.252457457099377
1.4912460658083,0.503023972288324,0.557030797600956,-0.158913908859073,0.252178583297031
1.49854077253219,0.503404647877945,0.557350144655531,-0.159259704940417,0.251900248604237
1.50583547925608,0.503784508759447,0.55766900491487,-0.159604604842831,0.251622449386204
1.51313018597997,0.504163560755414,0.557987381654124,-0.159948614971155,0.251345182040263
1.52042489270386,0.504541809622446,0.558305278119708,-0.160291741657652,0.25106844299536
1.52771959942775,0.504919261052179,0.558622697529898,-0.160633991163119,0.250792228711389
1.53501430615165,0.505295920672341,0.558939643075155,-0.160975369678059,0.250516535678846
1.54230901287554,0.505671794047749,0.55925611791866,-0.161315883323769,0.250241360418229
1.54960371959943,0.506046886681382,0.559572125196744,-0.161655538153526,0.249966699479575
1.55689842632332,0.506421204015238,0.559887668019362,-0.161994340153529,0.249692549441935
1.56419313304721,0.506794751431389,0.560202749470464,-0.162332295244056,0.249418906912962
1.5714878397711,0.507167534252913,0.560517372608489,-0.162669409280494,0.249145768528373
1.57878254649499,0.50753955774479,0.560831540466779,-0.163005688054319,0.248873130951493
1.58607725321888,0.507910827114801,0.561145256053926,-0.163341137294092,0.24860099087287
1.59337195994278,0.508281347514443,0.561458522354332,-0.16367576266646,0.248329345009662
1.60066666666667,0.508651124039775,0.561771342328368,-0.164009569777085,0.248058190105461
1.60796137339056,0.509020161732299,0.562083718913086,-0.164342564171624,0.247787522929511
1.61525608011445,0.509388465579713,0.562395655022298,-0.16467475133654,0.247517340276617
1.62255078683834,0.509756040516904,0.562707153547168,-0.165006136700211,0.247247638966498
1.62984549356223,0.510122891426519,0.563018217356558,-0.165336725633549,0.246978415843408
1.63714020028612,0.510489023139994,0.563328849297285,-0.165666523451132,0.246709667775848
1.64443490701001,0.510854440438109,0.563639052194663,-0.165995535411819,0.246441391655971
1.65172961373391,0.511219148051915,0.563948828852719,-0.166323766719767,0.246173584399348
1.6590243204578,0.511583150663394,0.564258182054621,-0.166651222525155,0.245906242944495
1.66631902718169,0.511946452906216,0.564567114563029,-0.166977907925021,0.245639364252485
1.67361373390558,0.512309059366446,0.564875629120404,-0.167303827964035,0.245372945306611
1.68090844062947,0.512670974583259,0.565183728449417,-0.16762898763529,0.245106983111936
1.68820314735336,0.513032203049615,0.565491415253207,-0.167953391881043,0.244841474695006
1.69549785407725,0.513392749212989,0.565798692215785,-0.168277045593516,0.244576417103409
1.70279256080114,0.513752617475935,0.56610556200228,-0.168599953615517,0.244311807405503
1.71008726752504,0.51411181219685,0.566412027259379,-0.168922120741285,0.244047642689933
1.71738197424893,0.514470337690556,0.56671809061552,-0.169243551717122,0.243783920065417
1.72467668097282,0.514828198228962,0.567023754681309,-0.16956425124213,0.243520636660288
1.73197138769671,0.515185398041634,0.567329022049778,-0.169884223968831,0.243257789622211
1.7392660944206,0.515541941316466,0.567633895296711,-0.170203474503907,0.242995376117823
1.74656080114449,0.51589783220023,0.567938376980911,-0.170522007408808,0.242733393332443
1.75385550786838,0.516253074799182,0.568242469644576,-0.170839827200416,0.24247183846965
1.76115021459227,0.516607673179668,0.5685461758135,-0.171156938351712,0.242210708751072
1.76844492131617,0.516961631368629,0.568849497997474,-0.17147334529233,0.24195000141594
1.77573962804006,0.517314953354205,0.569152438690467,-0.171789052409225,0.241689713720887
1.78303433476395,0.517667643086248,0.569455000370967,-0.172104064047233,0.241429842939575
1.79032904148784,0.518019704476908,0.569757185502293,-0.17241838450972,0.241170386362356
1.79762374821173,0.518371141401131,0.570058996532777,-0.172732018059127,0.240911341296063
1.80491845493562,0.518721957697156,0.570360435896166,-0.173044968917516,0.240652705063573
1.81221316165951,0.519072157167076,0.570661506011769,-0.173357241267188,0.240394475003649
1.8195078683834,0.519421743577287,0.570962209284854,-0.173668839251181,0.240136648470494
1.8268025751073,0.519770720659052,0.571262548106761,-0.173979766973884,0.239879222833636
1.83409728183119,0.520119092108898,0.571562524855324,-0.174290028501475,0.239622195477456
1.84139198855508,0.520466861589165,0.571862141895029,-0.17459962786253,0.239365563801019
1.84868669527897,0.520814032728441,0.572161401577331,-0.174908569048495,0.239109325217726
1.85598140200286,0.521160609122044,0.572460306240879,-0.17521685601422,0.238853477155062
1.86327610872675,0.52150659433243,0.572758858211711,-0.175524492678405,0.238598017054385
1.87057081545064,0.521851991889695,0.573057059803655,-0.175831482924159,0.238342942370486
1.87786552217454,0.522196805292004,0.57335491331844,-0.176137830599459,0.238088250571461
1.88516022889843,0.522541038005983,0.573652421046017,-0.176443539517597,0.237833939138366
1.89245493562232,0.522884693467182,0.573949585264784,-0.176748613457677,0.237580005564961
1.89974964234621,0.523227775080482,0.574246408241748,-0.177053056165068,0.237326447357539
1.9070443490701,0.523570286220524,0.574542892232953,-0.177356871351875,0.237073262034453
1.91433905579399,0.52391223023206,0.574839039483553,-0.177660062697326,0.236820447126031
1.92163376251788,0.524253610430395,0.575134852228058,-0.177962633848256,0.236568000174315
1.92892846924177,0.524594430101787,0.575430332690692,-0.178264588419548,0.236315918732657
1.93622317596567,0.524934692503829,0.575725483085465,-0.178565929994556,0.236064200365645
1.94351788268956,0.525274400865792,0.576020305616507,-0.178866662125476,0.235812842648738
1.95081258941345,0.525613558389021,0.576314802478298,-0.179166788333789,0.235561843168007
1.95810729613734,0.525952168247317,0.576608975855805,-0.179466312110676,0.235311199519987
1.96540200286123,0.526290233587279,0.576902827924846,-0.179765236917394,0.235060909311281
1.97269670958512,0.526627757528674,0.577196360852134,-0.18006356618569,0.234810970158503
1.97999141630901,0.526964743164814,0.577489576795694,-0.180361303318205,0.234561379687826
1.9872861230329,0.527301193562791,0.57778247790495,-0.180658451688741,0.234312135534884
1.9945808297568,0.527637111763989,0.578075066320959,-0.18095501464282,0.234063235344513
2.00187553648069,0.527972500784267,0.578367344176682,-0.181250995497887,0.233814676770457
2.00917024320458,0.528307363614372,0.578659313597203,-0.181546397543763,0.233566457475122
2.01646494992847,0.528641703220274,0.578950976699792,-0.181841224043016,0.233318575129514
2.02375965665236,0.528975522543383,0.579242335594369,-0.182135478231198,0.233071027412718
2.03105436337625,0.529308824501007,0.579533392383565,-0.182429163317346,0.232823812011841
2.03834907010014,0.529641611986575,0.579824149162876,-0.182722282484231,0.232576926621838
2.04564377682403,0.529973887869944,0.580114608021018,-0.183014838888698,0.232330368945121
2.05293848354793,0.530305654997743,0.580404771040063,-0.183306835662038,0.232084136691409
2.06023319027182,0.530636916193626,0.580694640295639,-0.18359827591027,0.231838227577515
2.06752789699571,0.530967674258607,0.580984217857153,-0.183889162714511,0.231592639327089
2.0748226037196,0.53129793197134,0.581273505788049,-0.184179499131278,0.231347369670342
2.08211731044349,0.531627692088369,0.581562506145888,-0.184469288192772,0.231102416343958
2.08941201716738,0.531956957344432,0.581851220982689,-0.184758532907202,0.230857777090716
2.09670672389127,0.532285730452807,0.582139652345048,-0.185047236259175,0.23061344965936
2.10400143061516,0.532614014105394,0.582427802274351,-0.185335401209782,0.230369431804365
2.11129613733906,0.53294181097322,0.582715672807036,-0.185623030697151,0.230125721285651
2.11859084406295,0.533269123706572,0.583003265974746,-0.1859101276366,0.229882315868409
2.12588555078684,0.533595954935252,0.583290583804504,-0.186196694920909,0.229639213322914
2.13318025751073,0.533922307268886,0.583577628319023,-0.186482735420668,0.229396411424182
2.14047496423462,0.534248183297136,0.58386440153675,-0.186768251984503,0.229153907951921
2.14776967095851,0.534573585590013,0.584150905472199,-0.187053247439429,0.228911700690166
2.1550643776824,0.534898516698071,0.584437142136119,-0.187337724591054,0.228669787427093
2.16235908440629,0.535222979152636,0.584723113535633,-0.187621686223837,0.228428165954866
2.16965379113019,0.535546975466117,0.585008821674534,-0.187905135101426,0.228186834069314
2.17694849785408,0.535870508132177,0.585294268553414,-0.188188073966854,0.227945789569786
2.18424320457797,0.536193579626042,0.585579456169881,-0.188470505542866,0.22770503025891
2.19153791130186,0.536516192404635,0.585864386518809,-0.18875243253208,0.227464553942328
2.19883261802575,0.53683834890689,0.586149061592419,-0.189033857617321,0.227224358428597
2.20612732474964,0.537160051553909,0.586433483380625,-0.189314783461804,0.226984441528809
2.21342203147353,0.53748130274929,0.586717653871113,-0.189595212709484,0.226744801056511
2.22071673819742,0.537802104879202,0.587001575049603,-0.189875147985148,0.22650543482741
2.22801144492132,0.538122460312735,0.587285248900075,-0.190154591894796,0.22626634065913
2.23530615164521,0.538442371402043,0.587568677404878,-0.190433547025795,0.226027516371086
2.2426008583691,0.538761840482566,0.587851862544998,-0.190712015947131,0.225788959784193
2.24989556509299,0.539080869873267,0.588134806300247,-0.190990001209664,0.225550668720658
2.25719027181688,0.539399461876798,0.588417510649476,-0.19126750534631,0.225312641003745
2.26448497854077,0.539717618779704,0.588699977570736,-0.191544530872267,0.225074874457598
2.27177968526466,0.540035342852726,0.588982209041507,-0.191821080285352,0.224837366906989
2.27907439198855,0.540352636350824,0.589264207038936,-0.192097156066021,0.224600116177056
2.28636909871245,0.540669501513526,0.589545973539909,-0.192372760677754,0.224363120093224
2.29366380543634,0.540985940565053,0.58982751052148,-0.192647896567195,0.224126376480735
2.30095851216023,0.541301955714552,0.59010881996081,-0.192922566164405,0.223889883164712
2.30825321888412,0.541617549156197,0.59038990383557,-0.193196771882975,0.223653637969714
2.31554792560801,0.541932723069493,0.590670764124074,-0.193470516120362,0.223417638719598
2.3228426323319,0.542247479619408,0.590951402805479,-0.19374380125803,0.223181883237292
2.33013733905579,0.542561820956502,0.591231821860017,-0.194016629661594,0.22294636934454
2.33743204577969,0.542875749217244,0.591512023269106,-0.194289003681171,0.22271109486178
2.34472675250358,0.54318926652404,0.591792009015799,-0.194560925651409,0.222476057607657
2.35202145922747,0.543502374985545,0.592071781084651,-0.194832397891825,0.222241255399159
2.35931616595136,0.543815076696701,0.592351341462258,-0.195103422706858,0.22200668605103
2.36661087267525,0.544127373739038,0.592630692137202,-0.19537400238619,0.22177234737583
2.37390557939914,0.544439268180786,0.592909835100482,-0.195644139204873,0.221538237183461
2.38120028612303,0.544750762077028,0.593188772345491,-0.195913835423501,0.22130435328119
2.38849499284692,0.545061857469948,0.593467505868565,-0.196183093288474,0.221070693473048
2.39578969957082,0.545372556388834,0.593746037668796,-0.196451915032009,0.220837255560033
2.40308440629471,0.545682860850448,0.594024369748581,-0.196720302872546,0.220604037339508
2.4103791130186,0.545992772859069,0.594302504113628,-0.19698825901479,0.220371036605195
2.41767381974249,0.546302294406622,0.594580442773325,-0.197255785649859,0.220138251146767
2.42496852646638,0.546611427472993,0.594858187740818,-0.197522884955629,0.219905678749764
2.43226323319027,0.546920174025944,0.5951357410334,-0.197789559096635,0.219673317195163
2.43955793991416,0.547228536021523,0.595413104672518,-0.198055810224533,0.219441164259372
2.44685264663805,0.547536515404085,0.595690280684259,-0.198321640478113,0.219209217713696
2.45414735336195,0.547844114106431,0.595967271099296,-0.198587051983455,0.218977475324394
2.46144206008584,0.54815133405001,0.596244077953381,-0.198852046854153,0.21874593485214
2.46873676680973,0.548458177145054,0.596520703287368,-0.199116627191462,0.218514594051992
2.47603147353362,0.548764645290739,0.596797149147571,-0.199380795084477,0.218283450673008
2.48332618025751,0.549070740375311,0.597073417585967,-0.199644552610267,0.218052502458011
2.4906208869814,0.549376464276241,0.59734951066033,-0.199907901834051,0.217821747143451
2.49791559370529,0.549681818860357,0.597625430434656,-0.20017084480934,0.217591182458931
2.50521030042918,0.549986805984044,0.597901178979281,-0.200433383578156,0.217360806127083
2.51250500715308,0.550291427493264,0.59817675837111,-0.200695520171059,0.21713061586331
2.51979971387697,0.550595685223867,0.598452170693923,-0.200957256607484,0.216900609375455
2.52709442060086,0.550899581001603,0.598727418038538,-0.201218594895755,0.216670784363617
2.53438912732475,0.551203116642262,0.599002502503211,-0.20147953703324,0.216441138519716
2.54168383404864,0.551506293951918,0.599277426193702,-0.201740085006624,0.216211669527414
2.54897854077253,0.551809114726915,0.599552191223622,-0.202000240791881,0.215982375061741
2.55627324749642,0.552111580754159,0.599826799714719,-0.202260006354611,0.215753252788773
2.56356795422031,0.552413693811145,0.600101253797048,-0.202519383650056,0.21552430036545
2.57086266094421,0.552715455666095,0.600375555609318,-0.202778374623263,0.215295515439192
2.5781573676681,0.55301686807814,0.600649707299058,-0.203036981209273,0.215066895647717
2.58545207439199,0.553317932797421,0.600923711022979,-0.203295205333243,0.214838438618643
2.59274678111588,0.553618651565238,0.601197568947164,-0.203553048910603,0.214610141969278
2.60004148783977,0.553919026114178,0.601471283247417,-0.203810513847199,0.214382003306239
2.60733619456366,0.554219058168167,0.601744856109464,-0.204067602039347,0.214154020225226
2.61463090128755,0.554518749442734,0.602018289729196,-0.204324315374132,0.21392619031076
2.62192560801144,0.554818101645038,0.602291586313102,-0.204580655729427,0.213698511135703
2.62922031473534,0.555117116473998,0.602564748078422,-0.204836624974044,0.213470980261089
2.63651502145923,0.555415795620502,0.602837777253447,-0.20509222496796,0.2132435952358
2.64380972818312,0.555714140767404,0.603110676077851,-0.205347457562313,0.213016353596195
2.65110443490701,0.556012153589743,0.603383446802934,-0.205602324599647,0.212789252865842
2.6583991416309,0.556309835754872,0.603656091691986,-0.20585682791405,0.212562290555124
2.66569384835479,0.556607188922455,0.603928613020458,-0.206110969331152,0.212335464161044
2.67298855507868,0.556904214744774,0.604201013076425,-0.206364750668465,0.212108771166719
2.68028326180257,0.557200914866681,0.604473294160769,-0.206618173735323,0.21188220904118
2.68757796852647,0.557497290925822,0.604745458587584,-0.206871240333139,0.211655775238922
2.69487267525036,0.557793344552693,0.605017508684343,-0.207123952255458,0.211429467199726
2.70216738197425,0.55808907737086,0.605289446792419,-0.207376311288203,0.211203282348082
2.70946208869814,0.558384490996937,0.605561275267205,-0.207628319209649,0.210977218093056
2.71675679542203,0.55867958704078,0.605832996478606,-0.207879977790638,0.210751271827754
2.72405150214592,0.558974367105617,0.606104612811202,-0.208131288794719,0.210525440929137
2.73134620886981,0.559268832788129,0.606376126664773,-0.208382253978244,0.210299722757448
2.73864091559371,0.559562985678582,0.606647540454488,-0.208632875090503,0.210074114656
2.7459356223176,0.559856827360957,0.606918856611222,-0.208883153873876,0.209848613950832
2.75323032904149,0.560150359413003,0.607190077582124,-0.209133092063889,0.209623217950079
2.76052503576538,0.560443583406408,0.607461205830695,-0.209382691389395,0.209397923943889
2.76781974248927,0.560736500906947,0.607732243837312,-0.20963195357275,0.20917272920385
2.77511444921316,0.561029113474505,0.608003194099573,-0.209880880329824,0.208947630982601
2.78240915593705,0.561321422663246,0.608274059132591,-0.2101294733702,0.20872262651352
2.78970386266094,0.561613430021683,0.608544841469372,-0.210377734397242,0.2084977130103
2.79699856938484,0.56190513709286,0.608815543661365,-0.210625665108297,0.208272887666347
2.80429327610873,0.562196545414414,0.60908616827854,-0.210873267194768,0.208048147654693
2.81158798283262,0.562487656518682,0.609356717910075,-0.211120542342224,0.207823490127243
2.81888268955651,0.562778471932844,0.6096271951645,-0.211367492230563,0.207598912214615
2.8261773962804,0.563068993178981,0.609897602670307,-0.211614118534076,0.207374411025467
2.83347210300429,0.563359221774283,0.610167943076181,-0.211860422921668,0.207149983646243
2.84076680972818,0.563649159231045,0.610438219051521,-0.212106407056868,0.206925627140609
2.84806151645207,0.563938807056852,0.610708433286803,-0.212352072598016,0.206701338549037
2.85535622317597,0.56422816675463,0.610978588494011,-0.212597421198334,0.206477114888347
2.86265092989986,0.564517239822875,0.611248687407088,-0.212842454506165,0.206252953151202
2.86994563662375,0.56480602775559,0.611518732782324,-0.213087174164911,0.206028850305681
2.87724034334764,0.565094532042598,0.611788727398842,-0.213331581813382,0.20580480329475
2.88453505007153,0.565382754169363,0.612058674059037,-0.213575679085584,0.205580809035774
2.89182975679542,0.56567069561748,0.612328575589002,-0.213819467611274,0.205356864420052
2.89912446351931,0.56595835786441,0.612598434839001,-0.214062949015657,0.205132966312292
2.9064191702432,0.566245742383889,0.612868254683985,-0.214306124919846,0.204909111550049
2.9137138769671,0.566532850645823,0.613138038023966,-0.214548996940735,0.204685296943308
2.92100858369099,0.56681968411649,0.613407787784646,-0.214791566691229,0.2044615192738
2.92830329041488,0.567106244258712,0.613677506917709,-0.215033835780435,0.204237775294669
2.93559799713877,0.567392532531801,0.613947198401579,-0.215275805813594,0.20401406172965
2.94289270386266,0.567678550391832,0.614216865241637,-0.215517478392389,0.203790375272826
2.95018741058655,0.567964299291635,0.614486510470951,-0.215758855114933,0.20356671258782
2.95748211731044,0.568249780681006,0.614756137150757,-0.215999937576003,0.203343070307271
2.96477682403433,0.56853499600668,0.615025748370928,-0.216240727367005,0.203119445032322
2.97207153075823,0.568819946712624,0.615295347250539,-0.216481226076304,0.202895833331989
2.97936623748212,0.569104634239942,0.61556493693841,-0.216721435289115,0.20267223174257
2.98666094420601,0.569389060027198,0.615834520613731,-0.216961356587857,0.202448636766956
2.9939556509299,0.56967322551033,0.616104101486599,-0.217200991552064,0.20222504487404
3.00125035765379,0.56995713212291,0.616373682798452,-0.217440341758663,0.202001452498241
3.00854506437768,0.570240781296128,0.616643267822947,-0.217679408781964,0.201777856038535
3.01583977110157,0.570524174459042,0.616912859866202,-0.217918194193931,0.201554251858193
3.02313447782547,0.570807313038553,0.61718246226777,-0.218156699564153,0.201330636283708
3.03042918454936,0.571090198459654,0.617452078400972,-0.218394926460125,0.201107005604424
3.03772389127325,0.571372832145387,0.617721711673662,-0.218632876447193,0.200883356071704
3.04501859799714,0.571655215517117,0.61799136552879,-0.218870551088858,0.200659683898302
3.05231330472103,0.571937349994462,0.618261043445165,-0.219107951946698,0.200435985257529
3.05960801144492,0.572219236995631,0.618530748937979,-0.219345080580745,0.200212256282673
3.06690271816881,0.57250087793734,0.618800485559631,-0.219581938549386,0.199988493066094
3.0741974248927,0.572782274235013,0.619070256900173,-0.219818527409588,0.199764691658737
3.0814921316166,0.573063427302886,0.619340066588384,-0.220054848717009,0.199540848068944
3.08878683834049,0.573344338554146,0.619609918292062,-0.220290904026156,0.199316958262136
3.09608154506438,0.573625009400981,0.619879815718987,-0.220526694890435,0.199093018159758
3.10337625178827,0.573905441254802,0.620149762617697,-0.220762222862399,0.198869023638416
3.11067095851216,0.574185635526254,0.620419762778062,-0.220997489493757,0.198644970529253
3.11796566523605,0.574465593625355,0.620689820032164,-0.22123249633553,0.19842085461698
3.12526037195994,0.574745316961666,0.620959938254986,-0.221467244938234,0.198196671639115
3.13255507868383,0.575024806944392,0.621230121365378,-0.221701736851993,0.197972417284922
3.13984978540773,0.575304064982452,0.621500373326608,-0.22193597362662,0.197748087194808
3.14714449213162,0.575583092484642,0.621770698147391,-0.22216995681179,0.197523676959186
3.15443919885551,0.575861890859807,0.622041099882653,-0.222403687957232,0.197299182117637
3.1617339055794,0.576140461516812,0.622311582634334,-0.222637168612699,0.197074598158027
3.16902861230329,0.576418805864825,0.622582150552296,-0.222870400328274,0.196849920515508
3.17632331902718,0.576696925313329,0.622852807835231,-0.22310338465439,0.196625144571518
3.18361802575107,0.576974821272338,0.623123558731527,-0.223336123142061,0.196400265652831
3.19091273247496,0.577252495152421,0.623394407540185,-0.223568617342913,0.196175279030546
3.19820743919886,0.57752994836494,0.623665358611788,-0.223800868809445,0.195950179919022
3.20550214592275,0.57780718232205,0.62393641634935,-0.224032879095027,0.195724963474942
3.21279685264664,0.578084198436935,0.624207585209454,-0.224264649754163,0.195499624796067
3.22009155937053,0.578360998123895,0.624478869703091,-0.224496182342579,0.195274158920305
3.22738626609442,0.578637582798477,0.624750274396762,-0.224727478417381,0.195048560824506
3.23468097281831,0.578913953877572,0.625021803913426,-0.224958539537146,0.194822825423414
3.2419756795422,0.579190112779626,0.625293462933648,-0.225189367262167,0.19459694756841
3.24927038626609,0.57946606092473,0.625565256196549,-0.225419963154542,0.194370922046457
3.25656509298999,0.579741799734675,0.625837188501039,-0.225650328778243,0.194144743578757
3.26385979971388,0.580017330633274,0.626109264706779,-0.225880465699463,0.193918406819682
3.27115450643777,0.580292655046297,0.62638148973543,-0.226110375486549,0.193691906355405
3.27844921316166,0.580567774401765,0.626653868571759,-0.226340059710325,0.193465236702682
3.28574391988555,0.580842690129999,0.626926406264853,-0.226569519944143,0.193238392307518
3.29303862660944,0.581117403663767,0.627199107929256,-0.226798757764049,0.193011367543913
3.30033333333333,0.581391916438475,0.627471978746288,-0.227027774748989,0.192784156712417
3.30762804005722,0.581666229892261,0.627745023965201,-0.227256572480915,0.192556754038851
3.31492274678112,0.581940345466209,0.628018248904589,-0.227485152545018,0.192329153672763
3.32221745350501,0.58221426460438,0.628291658953611,-0.227713516529768,0.192101349686077
3.3295121602289,0.582487988754072,0.628565259573236,-0.22794166602719,0.19187333607173
3.33680686695279,0.582761519365858,0.628839056297858,-0.228169602632915,0.191645106741884
3.34410157367668,0.583034857893933,0.629113054736362,-0.228397327946559,0.191416655526768
3.35139628040057,0.58330800579598,0.629387260573928,-0.228624843571573,0.191187976172685
3.35869098712446,0.583580964533578,0.629661679573083,-0.228852151115692,0.190959062340853
3.36598569384835,0.583853735572279,0.629936317575454,-0.229079252191023,0.190729907605484
3.37328040057225,0.584126320381662,0.630211180503212,-0.229306148414105,0.190500505452189
3.38057510729614,0.584398720435624,0.630486274360563,-0.229532841406225,0.190270849276342
3.38786981402003,0.584670937212527,0.630761605235388,-0.22975933279358,0.190040932381274
3.39516452074392,0.584942972195293,0.631037179300831,-0.229985624207383,0.189810747976525
3.40245922746781,0.585214826871613,0.631313002816995,-0.230211717284096,0.189580289175983
3.4097539341917,0.585486502734094,0.631589082132517,-0.230437613665586,0.189349548996148
3.41704864091559,0.585758001280483,0.631865423686364,-0.230663314999375,0.189118520354155
3.42434334763948,0.586029324013778,0.632142034009656,-0.230888822938761,0.188887196065774
3.43163805436338,0.586300472442419,0.63241891972735,-0.231114139143027,0.188655568843549
3.43893276108727,0.586571448080468,0.632696087560108,-0.231339265277642,0.188423631294754
3.44622746781116,0.586842252447823,0.632973544326239,-0.231564203014493,0.188191375919249
3.45352217453505,0.587112887070292,0.63325129694357,-0.23178895403197,0.187958795107424
3.46081688125894,0.587383353479976,0.633529352431371,-0.232013520015384,0.187725881138082
3.46811158798283,0.587653653215143,0.633807717912452,-0.232237902656829,0.18749262617613
3.47540629470672,0.587923787820769,0.634086400615253,-0.232462103655779,0.187259022270288
3.48270100143061,0.588193758848526,0.634365407875736,-0.232686124719072,0.187025061350997
3.48999570815451,0.588463567856893,0.634644747139786,-0.232909967561038,0.186790735227781
3.4972904148784,0.588733216411651,0.634924425965324,-0.233133633904033,0.186556035586927
3.50458512160229,0.589002706085747,0.635204452024473,-0.233357125478298,0.186320953989102
3.51187982832618,0.589272038459766,0.635484833105976,-0.233580444022481,0.186085481866688
3.51917453505007,0.589541215121929,0.63576557711755,-0.233803591283621,0.185849610521196
3.52646924177396,0.589810237668482,0.636046692088201,-0.234026569017591,0.185613331120719
3.53376394849785,0.590079107703703,0.636328186170885,-0.234249378989094,0.185376634697005
3.54105865522175,0.590347826840377,0.63661006764485,-0.234472022972198,0.185139512142882
3.54835336194564,0.590616396699769,0.636892344918341,-0.234694502750289,0.184901954209281
3.55564806866953,0.590884818911918,0.637175026531204,-0.234916820116414,0.184663951502371
3.56294277539342,0.591153095115995,0.637458121157641,-0.235138976873661,0.184425494480529
3.57023748211731,0.591421226960343,0.637741637609066,-0.235360974835204,0.184186573451201
3.5775321888412,0.591689216102845,0.638025584836808,-0.235582815824718,0.183947178567923
3.58482689556509,0.591957064211009,0.638309971935076,-0.235804501676459,0.183707299827068
3.59212160228898,0.59222477296244,0.638594808144149,-0.236026034235794,0.183466927064326
3.59941630901288,0.592492344044775,0.638880102853189,-0.236247415359124,0.18322604995162
3.60671101573677,0.592759779156281,0.639165865603532,-0.236468646914542,0.182984657993483
3.61400572246066,0.59302708000578,0.639452106091923,-0.236689730781752,0.182742740523491
3.62130042918455,0.593294248313124,0.63973883417374,-0.236910668852591,0.182500286700731
3.62859513590844,0.593561285809322,0.640026059866537,-0.237131463031169,0.182257285505893
3.63588984263233,0.593828194236954,0.640313793353359,-0.237352115234326,0.182013725737629
3.64318454935622,0.594094975350251,0.640602044986472,-0.237572627391714,0.181769596008442
3.65047925608011,0.594361630915481,0.640890825290919,-0.237793001446228,0.181524884740791
3.65777396280401,0.594628162711272,0.641180144968238,-0.23801323935436,0.181279580162978
3.6650686695279,0.594894572528722,0.641470014900608,-0.238233343086315,0.18103367030461
3.67236337625179,0.59516086217188,0.641760446154352,-0.23845331462655,0.18078714299273
3.67965808297568,0.595427033457931,0.642051449984417,-0.238673155973967,0.180539985846898
3.68695278969957,0.595693088217504,0.642343037838344,-0.238892869142258,0.180292186274817
3.69424749642346,0.59595902829499,0.642635221360566,-0.239112456160254,0.180043731467612
3.70154220314735,0.596224855548817,0.642928012396816,-0.239331919072225,0.179794608394976
3.70883690987124,0.596490571851837,0.643221422998694,-0.239551259938309,0.179544803800149
3.71613161659514,0.596756179091632,0.643515465428253,-0.239770480834844,0.179294304194873
3.72342632331903,0.597021679170738,0.643810152162784,-0.239989583854622,0.179043095854127
3.73072103004292,0.59728707400706,0.644105495899701,-0.240208571107336,0.178791164810758
3.73801573676681,0.597552365534259,0.644401509561589,-0.240427444720017,0.17853849684992
3.7453104434907,0.597817555701977,0.64469820630139,-0.240646206837267,0.178285077503378
3.75260515021459,0.598082646476255,0.644995599507638,-0.240864859621735,0.178030892043745
3.75989985693848,0.598347639839939,0.645293702810133,-0.241083405254548,0.177775925478238
3.76719456366237,0.598612537792938,0.645592530085178,-0.241301845935608,0.177520162542928
3.77448927038627,0.598877342352654,0.645892095461836,-0.241520183884057,0.177263587695843
3.78178397711016,0.599142055554389,0.646192413327486,-0.241738421338726,0.177006185110867
3.78907868383405,0.599406679451684,0.646493498334113,-0.241956560558512,0.176747938670817
3.79637339055794,0.599671216116705,0.646795365404601,-0.242174603822796,0.176488831960518
3.80366809728183,0.599935667640716,0.647098029739187,-0.24239255343197,0.176228848259713
3.81096280400572,0.600200036134408,0.647401506822044,-0.242610411707792,0.175967970535809
3.81825751072961,0.600464323728382,0.647705812428301,-0.242828180993924,0.175706181436165
3.82555221745351,0.600728532573513,0.648010962630962,-0.24304586365633,0.175443463280476
3.8328469241774,0.600992664841528,0.648316973808302,-0.243263462083907,0.175179798052641
3.84014163090129,0.601256722725185,0.648623862651231,-0.243480978688691,0.174915167392658
3.84743633762518,0.601520708439061,0.648931646171094,-0.243698415906715,0.174649552588048
3.85473104434907,0.601784624219697,0.649240341707613,-0.243915776198176,0.174382934565116
3.86202575107296,0.602048472326386,0.649549966937083,-0.244133062048295,0.174115293879938
3.86932045779685,0.602312255041345,0.649860539880777,-0.244350275967511,0.173846610709113
3.87661516452074,0.602575974670488,0.650172078913728,-0.244567420492329,0.173576864840106
3.88390987124464,0.60283963354371,0.650484602773644,-0.244784498185635,0.173306035661438
3.89120457796853,0.603103234015546,0.650798130570189,-0.245001511637415,0.173034102152478
3.89849928469242,0.603366778465714,0.651112681794521,-0.245218463465361,0.172761042872951
3.90579399141631,0.603630269299495,0.651428276329194,-0.245435356315282,0.172486835952049
3.9130886981402,0.603893708948493,0.651744934458291,-0.245652192861941,0.172211459077282
3.92038340486409,0.604157099870993,0.652062676877889,-0.245868975809451,0.171934889482962
3.92767811158798,0.604420444552773,0.652381524706964,-0.246085707892171,0.171657103938219
3.93497281831187,0.6046837455075,0.652701499498533,-0.246302391875131,0.171378078734732
3.94226752503577,0.604947005277353,0.653022623251229,-0.246519030554731,0.171097789674006
3.94956223175966,0.605210226433823,0.653344918421224,-0.246735626759609,0.170816212054251
3.95685693848355,0.605473411578125,0.653668407934645,-0.246952183351102,0.170533320656726
3.96415164520744,0.605736563341989,0.653993115200064,-0.247168703224114,0.170249089732004
3.97144635193133,0.605999684388304,0.654319064122077,-0.247385189307821,0.169963492985028
3.97874105865522,0.606262777411667,0.654646279114606,-0.247601644566282,0.169676503560485
3.98603576537911,0.606525845139337,0.654974785115066,-0.247818071999479,0.169388094027219
3.993330472103,0.60678889033167,0.655304607599066,-0.248034474643807,0.169098236362057
4.00062517882689,0.60705191578311,0.655635772595283,-0.248250855573152,0.168806901933457
4.00791988555079,0.607314924322693,0.655968306701266,-0.248467217899455,0.168514061484115
4.01521459227468,0.60757791881501,0.656302237099471,-0.248683564773765,0.168219685113328
4.02250929899857,0.607840902160909,0.656637591573962,-0.248899899387014,0.167923742258627
4.02980400572246,0.608103877298332,0.656974398527892,-0.249116224970941,0.167626201676544
4.03709871244635,0.608366847203068,0.657312687001347,-0.249332544798912,0.167327031422982
4.04439341917024,0.608629814889713,0.657652486689842,-0.249548862186982,0.167026198832876
4.05168812589413,0.608892783412479,0.657993827963803,-0.249765180494785,0.166723670498758
4.05898283261803,0.60915575586613,0.658336741888474,-0.249981503126563,0.166419412248858
4.06627753934192,0.609418735386833,0.65868126024446,-0.250197833532097,0.166113389124513
4.07357224606581,0.609681725153191,0.659027415549676,-0.250414175207851,0.165805565356015
4.0808669527897,0.60994472838708,0.659375241081003,-0.250630531697891,0.165495904338794
4.08816165951359,0.610207748354823,0.65972477089808,-0.250846906595169,0.165184368607247
4.09545636623748,0.610470788368047,0.660076039866948,-0.251063303542477,0.164870919808732
4.10275107296137,0.610733851784819,0.66042908368516,-0.251279726233687,0.164555518675938
4.11004577968526,0.610996942010747,0.660783938907628,-0.251496178414969,0.164238124998462
4.11734048640916,0.611260062499907,0.661140642973674,-0.251712663885806,0.16391869759305
4.12463519313305,0.611523216756343,0.661499234234987,-0.251929186500646,0.163597194272845
4.13192989985694,0.61178640833482,0.661859751984699,-0.252145750169733,0.163273571815401
4.13922460658083,0.612049640842325,0.662222236487783,-0.252362358860749,0.162947785929247
4.14651931330472,0.612312917939159,0.662586729012421,-0.252579016600028,0.162619791219384
4.15381402002861,0.612576243340289,0.662953271862965,-0.252795727474032,0.162289541151024
4.1611087267525,0.612839620816683,0.663321908413992,-0.253012495630827,0.161956988012134
4.16840343347639,0.613103054196508,0.663692683145833,-0.253229325281395,0.161622082874348
4.17569814020029,0.613366547366705,0.664065641681776,-0.253446220701373,0.16128477555205
4.18299284692418,0.61363010427423,0.664440830826444,-0.253663186232411,0.160945014560154
4.19028755364807,0.613893728927888,0.664818298606333,-0.253880226284196,0.160602747069515
4.19758226037196,0.614157425399354,0.665198094311595,-0.254097345335569,0.160257918860965
4.20487696709585,0.614421197825089,0.665580268539856,-0.254314547936639,0.159910474277117
4.21217167381974,0.614685050407904,0.665964873242064,-0.254531838710497,0.159560356171927
4.21946638054363,0.614948987418628,0.666351961770086,-0.254749222355054,0.159207505858342
4.22676108726753,0.615213013197711,0.66674158892664,-0.254966703644807,0.158851863053371
4.23405579399142,0.615477132157076,0.66713381101738,-0.25518428743287,0.158493365820796
4.24135050071531,0.615741348782055,0.667528685905367,-0.255401978653108,0.158131950511249
4.2486452074392,0.616005667633172,0.667926273067958,-0.255619782322098,0.157767551699638
4.25593991416309,0.616270093347989,0.668326633656516,-0.255837703541157,0.157400102119463
4.26323462088698,0.616534630643432,0.668729830558579,-0.256055747498905,0.157029532594432
4.27052932761087,0.616799284317636,0.669135928463445,-0.25627391947329,0.156655771966319
4.27782403433476,0.617064059252123,0.669544993930305,-0.256492224833988,0.156278747020012
4.28511874105866,0.617328960414187,0.669957095460029,-0.25671066904502,0.155898382404555
4.29241344778255,0.617593992859014,0.670372303570378,-0.25692925766709,0.15551460055041
4.29970815450644,0.617859161732249,0.670790690874934,-0.25714799636041,0.155127321582637
4.30700286123033,0.618124472272304,0.671212332165511,-0.257366890887232,0.154736463230241
4.31429756795422,0.618389929813011,0.671637304499477,-0.25758594711477,0.154341940730117
4.32159227467811,0.618655539786369,0.672065687290813,-0.257805171018225,0.153943666726886
4.328886981402,0.618921307725142,0.672497562406019,-0.258024568683636,0.153541551167399
4.33618168812589,0.6191872392657,0.672933014265223,-0.258244146311011,0.153135501189514
4.34347639484979,0.619453340151146,0.673372129948059,-0.258463910217762,0.152725421005633
4.35077110157368,0.619719616234326,0.673814999305692,-0.258683866842021,0.152311211779476
4.35806580829757,0.619986073480863,0.674261715078416,-0.258904022745974,0.151892771496718
4.36536051502146,0.620252717972636,0.674712373019657,-0.259124384619685,0.151469994828592
4.37265522174535,0.62051955591124,0.675167072026979,-0.259344959284911,0.151042772987777
4.37994992846924,0.62078659362141,0.675625914279938,-0.259565753698859,0.15061099357676
4.38724463519313,0.621053837554887,0.676089005385989,-0.259786774958445,0.150174540427344
4.39453934191702,0.621321294294158,0.6765564545343,-0.260008030304404,0.14973329343144
4.40183404864092,0.621588970556563,0.677028374658739,-0.260229527125811,0.149287128361796
4.40912875536481,0.621856873198493,0.677504882609757,-0.260451272964694,0.148835916682916
4.4164234620887,0.622125009219692,0.677986099336821,-0.260673275520774,0.148379525350384
4.42371816881259,0.622393385767856,0.678472150081376,-0.260895542656516,0.147917816598612
4.43101287553648,0.622662010143287,0.678963164581401,-0.261118082402251,0.147450647715823
4.43830758226037,0.62293088980405,0.679459277288531,-0.261340902961852,0.146977870805219
4.44560228898426,0.623200032370846,0.679960627598179,-0.261564012718088,0.146499332531846
4.45289699570816,0.623469445632665,0.680467360094527,-0.26178742023885,0.146014873853102
4.46019170243205,0.623739137552284,0.68097962481036,-0.262011134283192,0.145524329732924
4.46748640915594,0.624009116272178,0.681497577503888,-0.262235163807837,0.145027528837283
4.47478111587983,0.624279390120727,0.682021379953543,-0.262459517974001,0.144524293209901
4.48207582260372,0.624549967618595,0.682551200271847,-0.262684206154418,0.144014437927005
4.48937052932761,0.624820857485627,0.683087213240356,-0.262909237940914,0.143497770728884
4.4966652360515,0.625092068647801,0.683629600667132,-0.263134623152066,0.14297409162667
4.50395994277539,0.625363610244732,0.684178551768827,-0.263360371841452,0.142443192482044
4.51125464949928,0.625635491637461,0.684734263579105,-0.263586494306214,0.141904856557977
4.51854935622318,0.625907722416631,0.68529694138596,-0.263813001096062,0.141358858037675
4.52584406294707,0.626180312411086,0.685866799200423,-0.264039903022724,0.140804961509005
4.53313876967096,0.626453271697134,0.686444060258848,-0.264267211170138,0.140242921411976
4.54043347639485,0.626726610607663,0.68702895756292,-0.26449493690448,0.139672481444736
4.54772818311874,0.627000339742662,0.687621734459355,-0.264723091885741,0.139093373925897
4.55502288984263,0.627274469979462,0.688222645264259,-0.264951688078982,0.138505319107741
4.56231759656652,0.627549012484113,0.688831955935423,-0.265180737766859,0.1379080244367
4.56961230329042,0.627823978723178,0.689449944797516,-0.265410253562592,0.137301183755637
4.57690701001431,0.628099380476023,0.690076903325202,-0.265640248423482,0.136684476442421
4.5842017167382,0.628375229848363,0.690713136989815,-0.265870735665817,0.136057566478585
4.59149642346209,0.628651539285904,0.691358966176035,-0.266101728979873,0.135420101440982
4.59879113018598,0.62892832158936,0.692014727175552,-0.266333242446436,0.134771711408752
4.60608583690987,0.629205589930256,0.692680773265849,-0.266565290554183,0.134112007776665
4.61338054363376,0.629483357867416,0.693357475882959,-0.26679788821782,0.133440581965082
4.62067525035765,0.629761639365017,0.694045225898203,-0.267031050797942,0.132757004015553
4.62796995708154,0.630040448811246,0.694744435010648,-0.267264794121555,0.132060821059102
4.63526466380544,0.630319801038745,0.695455537267596,-0.267499134504565,0.131351555643698
4.64255937052933,0.63059971134598,0.696178990728449,-0.267734088775285,0.130628703903999
4.64985407725322,0.630880195520298,0.696915279287749,-0.267969674299796,0.129891733556008
4.65714878397711,0.631161269862641,0.697664914676715,-0.268205909009134,0.129140081695384
4.664443490701,0.631442951213907,0.698428438665196,-0.268442811428288,0.128373152375295
4.67173819742489,0.631725256983136,0.699206425487859,-0.268680400707201,0.127590313937604
4.67903290414878,0.632008205178334,0.699999484523826,-0.26891869665468,0.126790896065279
4.68632761087267,0.632291814438839,0.70080826326219,-0.269157719773997,0.125974186520317
4.69362231759657,0.632576104070949,0.701633450590769,-0.269397491302079,0.12513942752612
4.70091702432046,0.632861094085997,0.702475780452836,-0.269638033251392,0.124285811745085
4.70821173104435,0.633146805241751,0.703336035921377,-0.269879368455483,0.123412477796929
4.71550643776824,0.633433259087023,0.704215053751659,-0.270121520618043,0.122518505250858
4.72280114449213,0.633720478010639,0.705113729480794,-0.270364514366781,0.121602909016048
4.73009585121602,0.634008485294079,0.706033023156139,-0.270608375311327,0.120664633040407
4.73739055793991,0.634297305169422,0.706973965789485,-0.270853130106965,0.119702543210965
4.74468526466381,0.634586962882576,0.707937666651062,-0.271098806524196,0.11871541933047
4.7519799713877,0.634877484762386,0.70892532153992,-0.271345433524748,0.117701946019965
4.75927467811159,0.635168898296838,0.709938222193427,-0.271593041345406,0.116660702368346
4.76656938483548,0.6354612322169,0.710977767032017,-0.271841661590235,0.115590150113136
4.77386409155937,0.635754516589103,0.712045473476348,-0.27209132733242,0.11448862009161
4.78115879828326,0.636048782918318,0.71314299212394,-0.272342073227318,0.113354296646499
4.78845350500715,0.636344064261842,0.714272123138641,-0.272593935637955,0.112185199597567
4.79574821173104,0.636640395357071,0.715434835284872,-0.272846952775468,0.110979163303951
4.80304291845494,0.636937812763878,0.716633288143553,-0.273101164855717,0.109733812226641
4.81033762517883,0.637236355025306,0.717869858179164,-0.273356614276049,0.108446532254708
4.81763233190272,0.637536062848562,0.719147169498869,-0.273613345814391,0.107114436870271
4.82492703862661,0.63783697931045,0.720468130370396,-0.273871406855229,0.10573432697883
4.8322217453505,0.638139150091596,0.721835976862086,-0.274130847647251,0.104302642905211
4.83951645207439,0.638442623744589,0.723254325365218,-0.274391721598305,0.102815406619004
4.84681115879828,0.638747452002868,0.724727236295439,-0.274654085615172,0.101268151663
4.85410586552217,0.639053690139192,0.726259292000733,-0.274918000497889,0.0996558374544153
4.86140057224607,0.639361397383493,0.72785569292149,-0.275183531399381,0.0979727435088219
4.86869527896996,0.639670637414493,0.729522377472723,-0.275450748366243,0.0962123375697044
4.87598998569385,0.639981478942076,0.731266173163461,-0.275719726979345,0.0943671093771317
4.88328469241774,0.640293996404281,0.733094989438379,-0.275990549120532,0.0924283585419604
4.89057939914163,0.640608270808204,0.73501806713755,-0.276263303897608,0.0903859201401116
4.89787410586552,0.640924390757806,0.737046306168762,-0.276538088774931,0.0882278042730174
4.90516881258941,0.641242453724363,0.739192703402799,-0.276815010970905,0.0859397143828151
4.9124635193133,0.641562567639664,0.741472949472987,-0.277094189210497,0.0835043907728477
4.9197582260372,0.641884852926551,0.743906260697081,-0.277375755958834,0.0809006954935833
4.92705293276109,0.642209445135314,0.746516569529392,-0.277659860321235,0.07810230284528
4.93434763948498,0.642536498441144,0.749334281343844,-0.277946671890409,0.0750757669166218
4.94164234620887,0.642866190404834,0.752398964094854,-0.278236385983229,0.0717775629577496
4.94893705293276,0.6431987286547,0.75576365461377,-0.278529230990843,0.06814935045418
4.95623175965665,0.643534360624597,0.759502147982143,-0.278825479090491,0.0641099548162092
4.96352646638054,0.643873388430645,0.763722249531617,-0.279125462609904,0.0595407901790267
4.97082117310443,0.644216193026748,0.768592275647196,-0.279429600598378,0.0542567085191282
4.97811587982833,0.644563276787676,0.77440169650038,-0.279738445668161,0.0479392926478655
4.98541058655222,0.644915347960595,0.781732219534923,-0.280052776891133,0.0399486643771068
4.99270529327611,0.645273522358828,0.792172096033194,-0.28037382166195,0.0285377472962475
5,0.636827130838264,0.818181818181818,-0.27100984392209,0
