cumPop_phi009,L_phi009,cumPop_phi014,L_phi014
0.0870073638399132,4.39776948324509e-14,0.0642499947511091,3.50336494815829e-14
0.0887766444708922,6.49184080777335e-06,0.0696233020757434,2.12690773157775e-05
0.090547189131696,1.94847982856093e-05,0.0738492140991208,5.47237985778882e-05
0.092319373713465,3.89922860855669e-05,0.0775551444536451,9.87311748573895e-05
0.0940935421438877,6.50313863517456e-05,0.0809536559111141,0.000152540271157947
0.0958700098290013,9.76224437865776e-05,0.0841462333837861,0.000215725915381414
0.0976490666852272,0.000136788713795335,0.0871904025849248,0.000288024035785299
0.0994309797575985,0.000182556055627905,0.0901223823817049,0.000369263300126324
0.101215995505534,0.000234952663795844,0.0929666632410732,0.000459331075139166
0.103004341804839,0.00029400883205328,0.0957406853132363,0.000558154383826997
0.104796229707499,0.000359756745219338,0.0984573665423972,0.000665688346639999
0.106581836577264,0.000431825939822607,0.101090684163737,0.000780345960400802
0.108358915075466,0.00051007137199412,0.103645931240477,0.000901718688792239
0.11012817072086,0.00059446411011097,0.106135968600185,0.00102985026954482
0.111890240228064,0.000684979454230283,0.108570669440839,0.0011647715984029
0.113645700060986,0.000781596397028067,0.110957799942954,0.00130650571127249
0.115395073678472,0.000884297164883995,0.113303592792615,0.00145507074620021
0.117138837707604,0.000993066825004825,0.115613134976334,0.00161048175838456
0.118877427231643,0.00110789294732952,0.117890638348728,0.00177275185786535
0.120611240342355,0.00122876531216368,0.120139633506573,0.00194189293420449
0.122340642077495,0.00135567565621096,0.122363111928652,0.00211791612263545
0.124065967841505,0.00148861745102232,0.124563632283819,0.00230083210488253
0.1257875263896,0.00162758570895601,0.126743401342949,0.00249065130241696
0.127505602441119,0.00177257681259732,0.128904336522282,0.00268738399878745
0.12922045897664,0.00192358836427497,0.131048114899731,0.00289104041472042
0.130932339264165,0.00208061905286717,0.13317621210813,0.00310163075157352
0.132641468652201,0.00224366853554326,0.135289933542493,0.00331916521353501
0.134348056161531,0.00241273733245671,0.137390439654886,0.0035436540155816
0.136052295902455,0.00258782673271027,0.139478766646973,0.00377510738197171
0.137754368340187,0.00276893871016511,0.141555843540965,0.00401353553855059
0.139454441427722,0.00295607584787594,0.143622506372329,0.00425894870112643
0.141152671622634,0.00314924127010756,0.145679510074049,0.0045113570614782
0.142849204801927,0.00334843858103542,0.147727538493781,0.00477077077207356
0.144544177087067,0.00355367180935511,0.149767212889075,0.00503719993023846
0.146237715589685,0.00376494535813026,0.151799099172966,0.00531065456228431
0.147929939086999,0.00398226395929633,0.15382371412664,0.00559114460793257
0.149620958634834,0.00420563263231269,0.155841530752881,0.00587867990526022
0.15131087812509,0.00443505664651952,0.157852982910592,0.00617327017630592
0.152999794793652,0.00467054148681153,0.159858469344448,0.00647492501341965
0.154687799683965,0.0049120928222866,0.161858357203015,0.00678365386639688
0.156374978070897,0.0051597164775695,0.163852985122142,0.00709946603041017
0.158061409848918,0.0054134184065449,0.165842665937194,0.0074223706347321
0.159747169888187,0.00567320466826516,0.167827689077056,0.00775237663222912
0.161432328361692,0.00593908140482451,0.169808322684111,0.00808949278959906
0.163116951046255,0.00621105482101473,0.171784815497407,0.00843372767831779
0.164801099599871,0.00648913116559719,0.173757398530343,0.00878508966625948
0.166484831817622,0.00677331671404439,0.175726286569504,0.0091435869099521
0.16816820186811,0.00706361775261906,0.177691679517246,0.00950922734743037
0.169851260512195,0.00736004056367332,0.17965376359738,0.00988201869164922
0.171534055305608,0.00766259141206169,0.181612712440539,0.0102619684244215
0.173216630786853,0.00797127653257292,0.183568688063463,0.0106490837908448
0.17489902865168,0.0082861021182951,0.185521841754563,0.0110433717941862
0.176581287915258,0.00860707430983621,0.187472314876381,0.0114448391911915
0.178263445063095,0.00893419918533091,0.189420239594251,0.0118534924877921
0.179945534191636,0.00926748275116962,0.191365739539216,0.0122693379351812
0.181627587139362,0.00960693093339315,0.193308930412256,0.0126923815262331
0.183309633609186,0.00995254956970031,0.195249920536018,0.0131226289922437
0.1849917012828,0.0103043444020216,0.197188811359462,0.0135600857999686
0.186673815927639,0.010662321069616,0.199125697920219,0.0140047571489382
0.188356001496998,0.0110264851026507,0.201060669268866,0.014456647969032
0.190038280223855,0.0113968419162293,0.202993808858868,0.0149157629182939
0.191720672708845,0.0117733968048349,0.204925194905473,0.0153821063809707
0.193403198002842,0.0121561549371579,0.206854900716534,0.0158556824657615
0.195085873684528,0.0125451213512822,0.208782994997842,0.0163364950042606
0.196768715933323,0.0129403009502038,0.210709542135334,0.0168245475495839
0.198451739597996,0.0133416984976578,0.212634602456247,0.0173198433751642
0.200134958261277,0.0137493186142354,0.214558232471101,0.0178223854737068
0.201818384300732,0.0141631657737682,0.216480485098181,0.0183321765562917
0.203502028946173,0.0145832442999641,0.218401409872027,0.0188492190516159
0.20518590233383,0.0150095583632766,0.220321053137298,0.0193735151053658
0.206870013557504,0.0154421119779938,0.222239458229214,0.01990506657971
0.208554370716908,0.0158809089995313,0.224156665641714,0.0204438750529069
0.210238980963374,0.0163259531219176,0.226072713184297,0.0209899418190191
0.211923850543097,0.0167772478754585,0.227987636128474,0.0215432678877274
0.213608984838085,0.0172347966245702,0.229901467344641,0.022103853984239
0.215294388404946,0.0176986025657701,0.231814237430129,0.022671700549284
0.216980065011656,0.0181686687258162,0.233725974829099,0.023246807739195
0.21866601767244,0.0186449979599863,0.235636705944915,0.0238291754260634
0.220352248680863,0.0191275929504875,0.237546455245542,0.0244188031979704
0.222038759641267,0.0196164562049897,0.239455245362501,0.0250156903592862
0.223725551498626,0.0201115900552753,0.241363097183839,0.025619835931034
0.225412624566936,0.0206129966559983,0.243270029941554,0.0262312386513153
0.22709997855621,0.0211206779835463,0.245176061293867,0.0268498969757929
0.228787612598171,0.0216346358350006,0.2470812074027,0.0274758090782277
0.230475525270712,0.0221548718271877,0.248985483006695,0.0281089728510679
0.232163714621202,0.0226813873958183,0.250888901490093,0.0287493859060851
0.233852178188684,0.0232141837947075,0.252791474947726,0.0293970455750571
0.235540913025055,0.023753262095074,0.254693214246413,0.030051948910494
0.237229915715261,0.0242986231849114,0.256594129082977,0.0307140926864041
0.238919182396574,0.0248502677684307,0.258494228039115,0.0313834733990995
0.240608708777002,0.0254081963655671,0.260393518633323,0.0320600872680381
0.242298490152863,0.0259724093115507,0.262292007370063,0.0327439302366994
0.243988521425593,0.0265429067565358,0.264189699786344,0.0334349979734938
0.245678797117808,0.027119688665287,0.266086600495895,0.0341332858727032
0.247369311388666,0.0277027548169184,0.267982713231053,0.0348387890554504
0.249060058048572,0.0282921048046836,0.269878040882529,0.0355515023706966
0.250751030573248,0.0288877380358142,0.271772585537171,0.036271420396266
0.252442222117211,0.0294896537314041,0.273666348513849,0.0369985374398947
0.25413362552668,0.0300978509263376,0.275559330397561,0.0377328475403041
0.255825233351954,0.0307123284692589,0.277451531071888,0.038474344468297
0.25751703785927,0.0313330850225814,0.279342949749872,0.0392230217278751
0.25920903104218,0.0319601190625346,0.281233585003415,0.0399788725573772
0.260901204632469,0.0325934288792472,0.283123434791294,0.0407418899306363
0.262593550110628,0.0332330125768643,0.285012496485856,0.0415120665581567
0.264286058715913,0.0338788680736973,0.28690076689847,0.0422893948883072
0.265978721456006,0.0345309931024053,0.288788242303812,0.0430738671085321
0.267671529116298,0.0351893852102064,0.290674918463044,0.043865475146578
0.269364472268805,0.0358540417591168,0.292560790645942,0.0446642106717359
0.271057541280749,0.0365249599262185,0.294445853652031,0.0454700650960975
0.272750726322803,0.0372021367039515,0.296330101830792,0.0462830295758262
0.274444017377027,0.037885568900432,0.298213529100976,0.0471030950124406
0.276137404244501,0.0385752531397942,0.300096128969069,0.0479302520541105
0.277830876552683,0.0392711858625547,0.301977894546976,0.048764491096966
0.279524423762479,0.0399733633259992,0.303858818568933,0.0496058022864168
0.281218035175064,0.0406817816045894,0.30573889340771,0.0504541755184829
0.282911699938452,0.0413964365903911,0.307618111090131,0.0513096004411366
0.284605407053826,0.0421173239935203,0.309496463311945,0.0521720664556529
0.286299145381639,0.0428444393426088,0.311373941452083,0.0530415627179707
0.287992903647506,0.0435777779852865,0.313250536586329,0.0539180781400625
0.289686670447873,0.0443173350886819,0.31512623950044,0.054801601391313
0.291380434255501,0.0450631056399379,0.31700104070273,0.0556921208999057
0.29307418342475,0.0458150844467437,0.318874930436155,0.0565896248542179
0.294767906196684,0.0465732661378813,0.320747898689916,0.0574941012042225
0.296461590703998,0.0473376451637875,0.322619935210607,0.0584055376628976
0.298155224975777,0.0481082157971285,0.324491029512926,0.059323921707643
0.299848796942098,0.0488849721333885,0.326361170889971,0.0602492405817026
0.30154229443847,0.0496679080914714,0.328230348423142,0.061181481295594
0.303235705210133,0.0504570174143141,0.330098550991661,0.0621206306285431
0.304929016916209,0.0512522936695127,0.331965767281735,0.0630666751299251
0.306622217133719,0.0520537302499587,0.333831985795372,0.0640196011207105
0.308315293361465,0.0528613203744879,0.335697194858872,0.0649793946949164
0.310008233023795,0.0536750570885383,0.337561382630997,0.065946041721063
0.311701023474231,0.0544949332648195,0.339424537110845,0.0669195278436343
0.313393651999001,0.055320941603991,0.341286646145437,0.0678998384845433
0.315086105820435,0.0561530746353504,0.343147697437026,0.0688869588446022
0.316778372100277,0.0569913247175307,0.345007678550142,0.0698808739049954
0.318470437942874,0.0578356840392065,0.346866576918392,0.0708815684287572
0.320162290398278,0.0586861446198079,0.348724379851011,0.0718890269622531
0.321853916465242,0.0595426983102439,0.350581074539185,0.0729032338366641
0.323545303094135,0.0604053367936323,0.35243664806215,0.0739241731694743
0.325236437189755,0.0612740515860384,0.354291087393086,0.0749518288659624
0.326927305614069,0.0621488340372199,0.356144379404797,0.075986184620695
0.328617895188857,0.0630296753313797,0.357996510875204,0.0770272239190229
0.330308192698287,0.0639165664879251,0.359847468492648,0.0780749300385813
0.331998184891412,0.0648094983622337,0.361697238861009,0.0791292860507901
0.333687858484582,0.0657084616464255,0.363545808504661,0.0801902748223584
0.335377200163802,0.0666134468701416,0.365393163873253,0.0812578790167905
0.337066196587004,0.0675244444013276,0.367239291346333,0.0823320810958938
0.338754834386267,0.0684414444470244,0.369084177237825,0.0834128633212886
0.340443100169961,0.0693644370541629,0.370927807800348,0.08450020775592
0.342130980524834,0.0702934121103652,0.372770169229402,0.0855940962655704
0.343818462018043,0.0712283593447497,0.374611247667416,0.0866945105203751
0.345505531199119,0.0721692683287426,0.376451029207663,0.0878014319963375
0.347192174601885,0.0731161284768926,0.37828949989805,0.088914841976847
0.348878378746308,0.0740689290476914,0.38012664574479,0.090034721554197
0.350564130140315,0.075027659144398,0.38196245271595,0.0911610516311045
0.352249415281542,0.0759923077158675,0.383796906744896,0.0922938129222302
0.353934220659046,0.0769628635573836,0.385629993733621,0.0934329859557
0.355618532754966,0.077939315311496,0.387461699555975,0.0945785510746264
0.357302338046135,0.0789216514688603,0.38929201006079,0.0957304884386309
0.358985623005651,0.0799098603690827,0.391120911074912,0.0968887780253671
0.36066837410441,0.0809039302015677,0.392948388406135,0.0980533996320441
0.362350577812585,0.0819038490063693,0.39477442784605,0.0992243328769491
0.364032220601077,0.0829096046750457,0.396599015172802,0.100401557200973
0.365713288942924,0.0839211849515168,0.398422136153767,0.101585051869131
0.367393769314666,0.0849385774329251,0.400243776548145,0.102774795972091
0.369073648197684,0.0859617695704991,0.402063922109478,0.103970768427693
0.370752912079491,0.0869907486704201,0.403882558588089,0.105172947982477
0.372431547455006,0.0880255018946911,0.405699671733448,0.106381313213201
0.374109540827774,0.0890660162620091,0.407515247296474,0.10759584252837
0.375786878711174,0.0901122786486388,0.409329271031758,0.108816514169755
0.377463547629579,0.0911642757892895,0.41114172869973,0.110043306213916
0.379139534119498,0.0922219942779942,0.412952606068756,0.111276196573725
0.38081482473068,0.0932854205689909,0.414761888917178,0.112515162999883
0.382489406027197,0.0943545409776057,0.416569563035289,0.113760183082447
0.384163264588493,0.095429341681138,0.418375614227256,0.115011234252342
0.385836387010406,0.096509808719748,0.420180028312984,0.116268293782886
0.387508759906173,0.0975959279973459,0.421982791129925,0.117531338791305
0.389180369907398,0.0986876852824827,0.423783888534839,0.118800346240249
0.390851203665001,0.0997850662092424,0.4255833064055,0.120075292939308
0.392521247850147,0.100888056278137,0.427381030642356,0.121356155546527
0.394190489155139,0.101996640857,0.429177047170137,0.122642910569922
0.395858914294306,0.103110805181887,0.430971341939426,0.123935534368987
0.397526510004853,0.104230534357971,0.432763900928172,0.125234003156207
0.399193263047698,0.105355813360445,0.434554710143174,0.126538292998569
0.40085916020829,0.10648662703542,0.436343755621514,0.127848379819066
0.402524188297399,0.107622960100829,0.43813102343195,0.129164239398209
0.404188334151893,0.10876479714733,0.439916499676272,0.130485847375525
0.405851584635493,0.109912122639209,0.441700170490621,0.131813179251065
0.407513926639509,0.111064920915288,0.443482022046769,0.133146210386903
0.409175347083561,0.112223176189829,0.445262040553357,0.134484916008637
0.41083583291628,0.113386872553441,0.447040212257112,0.135829271206885
0.41249537111599,0.114555993973987,0.448816523444016,0.137179250938784
0.414153948691376,0.115730524297495,0.450590960440452,0.138534830029479
0.415811552682137,0.116910447249065,0.452363509614308,0.139895983173619
0.41746817015962,0.118095746433778,0.454134157376064,0.141262684936845
0.419123788227437,0.119286405337609,0.455902890179832,0.14263490975728
0.420778394022073,0.120482407328332,0.457669694524382,0.144012631947011
0.422431974713477,0.12168373565644,0.459434556954127,0.145395825693573
0.424084517505632,0.122890373456047,0.461197464060091,0.146784465061434
0.425736009637123,0.124102303745805,0.462958402480838,0.148178523993469
0.427386438381679,0.125319509429815,0.46471735890339,0.149577976312439
0.429035791048712,0.126541973298538,0.466474320064102,0.150982795722463
0.430684054983839,0.127769678029709,0.468229272749528,0.152392955810491
0.432331217569386,0.129002606189248,0.469982203797252,0.153808430047772
0.43397726622489,0.130240740232173,0.471733100096701,0.155229191791323
0.435622188407581,0.131484062503513,0.473481948589931,0.156655214285386
0.437265971612857,0.132732555239217,0.475228736272397,0.158086470662897
0.438908603374742,0.133986200567072,0.476973450193693,0.159522933946938
0.440550071266339,0.135244980507612,0.478716077458278,0.160964577052196
0.442190362900269,0.136508876975027,0.480456605226177,0.162411372786415
0.443829465929096,0.137777871778082,0.482195020713665,0.163863293851844
0.445467368045752,0.139051946621021,0.483931311193928,0.165320312846685
0.447104056983938,0.140331083104483,0.485665463997708,0.166782402266539
0.448739520518525,0.141615262726412,0.487397466513928,0.168249534505842
0.450373746465941,0.142904466882964,0.489127306190296,0.169721681859306
0.452006722684553,0.144198676869423,0.490854970533902,0.171198816523355
0.453638437075031,0.145497873881105,0.49258044711178,0.172680910597554
0.455268877580711,0.14680203901427,0.494303723551473,0.174167936086036
0.456898032187946,0.148111153267027,0.496024787541563,0.175659864898931
0.458525888926448,0.149425197540248,0.497743626832201,0.177156668853787
0.460152435869622,0.150744152638469,0.499460229235611,0.178658319676984
0.461777661134892,0.152067999270799,0.501174582626582,0.180164789005155
0.463401552884018,0.153396718051826,0.502886674942944,0.181676048386596
0.465024099323404,0.154730289502521,0.504596494186034,0.18319206928267
0.466645288704404,0.156068694051143,0.506304028421141,0.18471282306922
0.46826510932361,0.157411912034143,0.508009265777943,0.186238281037962
0.469883549523142,0.158759923697064,0.509712194450926,0.187768414397888
0.471500597690927,0.160112709195445,0.511412802699793,0.189303194276657
0.473116242260969,0.161470248595721,0.513111078849857,0.19084259172199
0.474730471713614,0.162832521876122,0.514807011292426,0.19238657770305
0.47634327457581,0.164199508927573,0.51650058848517,0.193935123111831
0.477954639421357,0.16557118955459,0.518191798952483,0.195488198764534
0.479564554871149,0.166947543476177,0.519880631285822,0.197045775402945
0.481173009593415,0.168328550326725,0.521567074144049,0.198607823695803
0.48277999230395,0.169714189656899,0.523251116253748,0.200174314240171
0.484385491766338,0.171104440934539,0.524932746409543,0.2017452175628
0.485989496792176,0.172499283545547,0.526611953474394,0.203320504121486
0.48759199624128,0.173898696794779,0.528288726379891,0.204900144306429
0.489192979021898,0.175302659906935,0.529963054126532,0.206484108441583
0.490792434090911,0.176711152027448,0.531634925783997,0.208072366786005
0.492390350454025,0.178124152223366,0.533304330491405,0.209664889535199
0.493986717165965,0.179541639484246,0.534971257457568,0.211261646822455
0.495581523330658,0.180963592723031,0.536635695961229,0.212862608720184
0.497174758101413,0.182389990776934,0.538297635351295,0.21446774524125
0.498766410681093,0.183820812408323,0.539957065047062,0.216077026340299
0.500356470322288,0.185256036305596,0.541613974538427,0.217690421915078
0.501944926327476,0.186695641084063,0.543268353386094,0.219307901807758
0.503531768049182,0.188139605286821,0.544920191221772,0.220929435806244
0.505116984890133,0.189587907385627,0.54656947774836,0.22255499364549
0.506700566303404,0.191040525781778,0.548216202740131,0.224184545008797
0.508282501792569,0.192497438806977,0.549860356042904,0.225818059529124
0.509862780911835,0.193958624724205,0.551501927574204,0.227455506790376
0.511441393266179,0.195424061728591,0.553140907323425,0.229096856328702
0.513018328511478,0.196893727948279,0.554777285351975,0.23074207763378
0.514593576354639,0.198367601445291,0.556411051793417,0.2323911401501
0.516167126553717,0.199845660216394,0.558042196853607,0.234044013278245
0.517738968918033,0.201327882193959,0.559670710810819,0.235700666376162
0.519309093308292,0.202814245246822,0.561296584015865,0.237361068760435
0.520877489636685,0.204304727181143,0.562919806892211,0.239025189707548
0.522444147867004,0.20579930574126,0.56454036993608,0.240692998455144
0.524009058014735,0.207297958610548,0.566158263716554,0.242364464203281
0.52557221014716,0.208800663412265,0.567773478875671,0.244039556115687
0.527133594383451,0.21030739771041,0.569386006128505,0.245718243320999
0.528693200894757,0.211818139010566,0.570995836263254,0.247400494914009
0.530251019904295,0.21333286476075,0.572602960141311,0.249086279956899
0.531807041687427,0.214851552352257,0.574207368697335,0.250775567480473
0.533361256571744,0.216374179120502,0.575809052939314,0.252468326485383
0.534913654937139,0.217900722345862,0.57740800394862,0.254164525943352
0.53646422721588,0.219431159254514,0.579004212880064,0.255864134798389
0.538012963892677,0.220965467019272,0.580597670961941,0.257567121968005
0.539559855504749,0.222503622760422,0.582188369496068,0.259273456344413
0.541104892641886,0.224045603546552,0.583776299857825,0.260983106795738
0.542648065946506,0.225591386395387,0.585361453496177,0.26269604216721
0.544189366113713,0.227140948274612,0.586943821933707,0.264412231282356
0.545728783891346,0.228694266102703,0.588523396766631,0.266131642944187
0.547266310080032,0.230251316749745,0.590100169664813,0.267854245936383
0.548801935533227,0.231812077038259,0.591674132371777,0.269580009024464
0.550335651157265,0.233376523744018,0.59324527670471,0.271308900956969
0.551867447911393,0.234944633596867,0.594813594554462,0.273040890466616
0.553397316807812,0.236516383281534,0.596379077885543,0.274775946271468
0.554925248911708,0.238091749438444,0.597941718736115,0.276514037076085
0.556451235341286,0.239670708664532,0.599501509217975,0.278255131572682
0.557975267267798,0.241253237514047,0.601058441516541,0.279999198442267
0.559497335915566,0.242839312499358,0.602612507890825,0.281746206355786
0.56101743256201,0.24442891009176,0.604163700673414,0.283496123975258
0.562535548537666,0.246022006722272,0.60571201227043,0.285248919954905
0.5640516752262,0.247618578782435,0.607257435161503,0.287004562942277
0.565565804064433,0.249218602625111,0.608799961899729,0.288763021579368
0.567077926542342,0.250822054565271,0.610339585111626,0.290524264503736
0.568588034203078,0.252428910880793,0.611876297497088,0.29228826034961
0.570096118642971,0.254039147813244,0.613410091829337,0.294054977748988
0.571602171511536,0.255652741568671,0.614940960954864,0.295824385332744
0.573106184511474,0.257269668318381,0.616468897793375,0.297596451731713
0.574608149398673,0.258889904199723,0.617993895337727,0.299371145577784
0.576108057982206,0.260513425316866,0.619515946653862,0.301148435504978
0.577605902124329,0.262140207741578,0.621035044880741,0.302928290150525
0.57910167374047,0.263770227513994,0.622551183230266,0.304710678155937
0.580595364799223,0.265403460643391,0.624064354987212,0.306495568168071
0.582086967322335,0.267039883108952,0.62557455350914,0.308282928840189
0.583576473384696,0.268679470860536,0.627081772226321,0.310072728833016
0.58506387511432,0.270322199819439,0.628586004641643,0.311864936815784
0.586549164692327,0.27196804587915,0.63008724433053,0.313659521467279
0.588032334352926,0.273616984906117,0.631585484940843,0.315456451476875
0.589513376383392,0.275268992740493,0.633080720192788,0.317255695545572
0.590992283124042,0.276924045196893,0.634572943878818,0.319057222387017
0.592469046968208,0.278582118065143,0.636062149863529,0.320861000728527
0.593943660362211,0.280243187111025,0.637548332083559,0.322666999312107
0.595416115805329,0.281907228077023,0.639031484547478,0.324475186895457
0.596886405849767,0.283574216683061,0.640511601335679,0.326285532252974
0.598354523100622,0.285244128627245,0.641988676600264,0.328098004176759
0.599820460215848,0.286916939586596,0.643462704564932,0.3299125714776
0.601284209906218,0.288592625217783,0.644933679524855,0.331729202985965
0.602745764935285,0.290271161157855,0.646401595846561,0.333547867552984
0.60420511811934,0.291952523024965,0.647866447967808,0.335368534051419
0.60566226232737,0.293636686419098,0.64932823039746,0.337191171376644
0.607117190481014,0.295323626922789,0.650786937715354,0.339015748447599
0.608569895554512,0.297013320101844,0.652242564572173,0.340842234207758
0.610020370574664,0.298705741506054,0.653695105689311,0.342670597626075
0.611468608620773,0.30040086666991,0.655144555858732,0.344500807697935
0.612914602824598,0.302098671113312,0.656590909942839,0.346332833446095
0.614358346370298,0.303799130342273,0.658034162874327,0.348166643921621
0.61579983249438,0.305502219849631,0.659474309656042,0.350002208204816
0.617239054485639,0.307207915115741,0.660911345360833,0.351839495406144
0.618676005685103,0.308916191609179,0.662345265131408,0.353678474667151
0.620110679485969,0.310627024787438,0.663776064180181,0.355519115161378
0.621543069333549,0.312340390097616,0.665203737789118,0.357361386095264
0.6229731687252,0.31405626297711,0.666628281309586,0.359205256709053
0.624400971210261,0.315774618854299,0.668049690162196,0.361050696277683
0.625826470389993,0.317495433149229,0.669467959836642,0.362897674111682
0.627249659917504,0.319218681274296,0.670883085891541,0.364746159558047
0.628670533497685,0.320944338634918,0.672295063954271,0.366596122001126
0.630089084887138,0.322672380630215,0.673703889720807,0.368447530863487
0.631505307894106,0.324402782653676,0.675109558955552,0.370300355606784
0.632919196378399,0.326135520093833,0.67651206749117,0.372154565732622
0.634330744251318,0.32787056833492,0.677911411228417,0.374010130783407
0.635739945475583,0.32960790275754,0.679307586135964,0.375867020343199
0.637146794065253,0.331347498739323,0.680700588250228,0.377725204038549
0.63855128408565,0.333089331655582,0.682090413675193,0.379584651539345
0.639953409653275,0.334833376879967,0.683477058582233,0.381445332559634
0.641353164935733,0.336579609785115,0.684860519209935,0.383307216858455
0.642750544151647,0.338328005743295,0.686240791863912,0.385170274240656
0.644145541570574,0.340078540127056,0.687617872916627,0.387034474557705
0.645538151512924,0.341831188309866,0.688991758807205,0.388899787708504
0.646928368349869,0.343585925666748,0.690362446041247,0.390766183640185
0.64831618650326,0.345342727574917,0.691729931190643,0.392633632348911
0.649701600445537,0.347101569414412,0.693094210893383,0.394502103880664
0.651084604699641,0.348862426568723,0.694455281853364,0.396371568332031
0.652465193838918,0.350625274425418,0.695813140840204,0.398241995850981
0.653843362487036,0.352390088376762,0.69716778468904,0.400113356637639
0.655219105317885,0.354156843820341,0.698519210300339,0.401985620945053
0.656592417055485,0.355925516159675,0.6998674146397,0.403858759079957
0.657963292473891,0.357696080804831,0.701212394737652,0.405732741403523
0.659331726397099,0.359468513173032,0.702554147689462,0.407607538332111
0.660697713698944,0.361242788689267,0.703892670654927,0.409483120338016
0.662061249303006,0.363018882786892,0.705227960858178,0.411359457950203
0.663422328182509,0.364796770908228,0.706560015587472,0.413236521755038
0.66478094536022,0.366576428505165,0.707888832194989,0.415114282397017
0.666137095908349,0.368357831039748,0.709214408096626,0.416992710579486
0.667490774948446,0.370140953984773,0.710536740771793,0.418871777065352
0.668841977651297,0.371925772824374,0.711855827763198,0.420751452677798
0.67019069923682,0.373712263054605,0.713171666676643,0.422631708300978
0.671536934973961,0.375500400184024,0.714484255180812,0.42451251488072
0.672880680180587,0.377290159734271,0.715793591007057,0.426393843425216
0.674221930223378,0.37908151724064,0.717099671949188,0.428275665005705
0.675560680517722,0.380874448252656,0.718402495863257,0.430157950757155
0.6768969265276,0.382668928334638,0.719702060667343,0.432040671878936
0.678230663765485,0.384464933066269,0.720998364341338,0.433923799635488
0.679561887792224,0.386262438043155,0.722291404926726,0.435807305356984
0.68089059421693,0.388061418877387,0.723581180526368,0.437691160439985
0.682216778696867,0.389861851198094,0.72486768930428,0.43957533634809
0.683540436937342,0.391663710651998,0.726150929485415,0.441459804612585
0.684861564691586,0.393466972903963,0.727430899355442,0.443344536833078
0.686180157760641,0.39527161363754,0.728707597260522,0.445229504678132
0.687496211993245,0.397077608555514,0.729981021607086,0.447114679885899
0.688809723285717,0.398884933380439,0.73125117086161,0.449000034264732
0.690120687581837,0.400693563855177,0.732518043550394,0.450885539693811
0.691429100872729,0.402503475743436,0.733781638259331,0.452771168123746
0.692734959196744,0.404314644830291,0.735041953633684,0.454656891577187
0.69403825863934,0.406127046922723,0.736298988377859,0.456542682149418
0.695338995332963,0.407940657850131,0.737552741255175,0.458428512008956
0.696637165456923,0.409755453464865,0.738803211087635,0.460314353398134
0.697932765237279,0.411571409642734,0.740050396755701,0.462200178633687
0.699225790946709,0.413388502283528,0.741294297198055,0.464085960107325
0.700516238904396,0.415206707311523,0.742534911411377,0.465971670286304
0.701804105475898,0.417026000675996,0.743772238450109,0.467857281713994
0.703089387073026,0.418846358351726,0.745006277426223,0.469742767010437
0.704372080153723,0.420667756339497,0.746237027508986,0.471628098872898
0.705652181221935,0.422490170666597,0.747464487924731,0.47351325007642
0.706929686827485,0.424313577387317,0.748688657956619,0.475398193474358
0.708204593565951,0.426137952583436,0.749909536944405,0.477282901998924
0.709476898078535,0.42796327236472,0.751127124284202,0.479167348661714
0.710746597051938,0.429789512869403,0.752341419428247,0.481051506554236
0.712013687218231,0.43161665026467,0.753552421884662,0.482935348848429
0.713278165354729,0.433444660747142,0.754760131217218,0.484818848797181
0.714540028283857,0.435273520543347,0.755964547045098,0.486701979734834
0.715799272873026,0.4371032059102,0.757165669042657,0.488584715077692
0.717055896034503,0.438933693135468,0.758363496939185,0.490467028324517
0.718309894725274,0.440764958538245,0.759558030518667,0.492348893057025
0.719561265946921,0.442596978469412,0.760749269619544,0.494230282940371
0.720810006745489,0.444429729312099,0.761937214134474,0.496111171723632
0.722056114211351,0.446263187482147,0.763121864010088,0.497991533240284
0.723299585479077,0.448097329428562,0.764303219246754,0.499871341408676
0.724540417727306,0.449932131633966,0.765481279898333,0.501750570232491
0.725778608178608,0.451767570615049,0.766656046071939,0.503629193801211
0.727014154099352,0.453603622923018,0.767827517927695,0.505507186290572
0.728247052799573,0.455440265144034,0.768995695678494,0.507384521963014
0.729477301632839,0.45727747389966,0.770160579589753,0.509261175168122
0.730704897996115,0.459115225847296,0.771322169979175,0.511137120343073
0.731929839329631,0.460953497680613,0.772480467216501,0.513012332013065
0.73315212311674,0.462792266129984,0.77363547172327,0.514886784791749
0.734371746883795,0.464631507962919,0.774787183972573,0.516760453381651
0.7355887082,0.466471199984483,0.775935604488814,0.518633312574591
0.736803004677285,0.468311319037726,0.777080733847461,0.5205053372521
0.738014633970164,0.4701518420041,0.778222572674804,0.522376502385824
0.7392235937756,0.471992745803877,0.779361121647712,0.52424678303793
0.740429881832869,0.473834007396564,0.780496381493387,0.526116154361506
0.741633495923425,0.475675603781315,0.781628352989118,0.52798459160095
0.742834433870759,0.477517511997338,0.782757036962042,0.529852070092363
0.744032693540265,0.479359709124307,0.783882434288893,0.531718565263928
0.745228272839102,0.481202172282757,0.785004545895762,0.533584052636294
0.746421169716056,0.483044878634492,0.786123372757847,0.535448507822943
0.747611382161403,0.484887805382979,0.787238915899214,0.537311906530562
0.748798908206772,0.486730929773745,0.78835117639255,0.539174224559409
0.749983745925007,0.488574229094768,0.789460155358913,0.541035437803665
0.751165893430025,0.490417680676869,0.790565853967497,0.542895522251795
0.752345348876686,0.492261261894096,0.791668273435377,0.544754453986893
0.753522110460647,0.494104950164113,0.792767415027273,0.546612209187028
0.75469617641823,0.495948722948578,0.793863280055297,0.548468764125583
0.75586754502628,0.497792557753524,0.794955869878715,0.55032409517159
0.757036214602029,0.499636432129736,0.7960451859037,0.552178178790059
0.758202183502955,0.501480323673124,0.797131229583085,0.554030991542309
0.759365450126649,0.503324210025098,0.798214002416124,0.555882510086279
0.760526012910671,0.505168068872933,0.799293505948241,0.557732711176857
0.761683870332417,0.507011877950139,0.800369741770795,0.55958157166618
0.762839020908977,0.508855615036824,0.801442711520825,0.561429068503949
0.763991463197001,0.510699257960056,0.802512416880818,0.563275178737729
0.765141195792557,0.512542784594225,0.803578859578456,0.56511987951325
0.766288217330997,0.514386172861394,0.804642041386378,0.566963148074696
0.767432526486817,0.516229400731665,0.805701964121938,0.568804961765
0.768574121973523,0.518072446223518,0.806758629646956,0.570645298026128
0.769713002543488,0.519915287404175,0.807812039867484,0.572484134399357
0.770849166987821,0.521757902389939,0.80886219673356,0.574321448525558
0.771982614136227,0.523600269346542,0.809909102238964,0.576157218145463
0.773113342856872,0.525442366489494,0.810952758420981,0.577991421099936
0.774241352056243,0.527284172084418,0.811993167360158,0.579824035330238
0.775366640679019,0.529125664447395,0.813030331180064,0.581655038878287
0.77648920770793,0.530966821945299,0.81406425204705,0.583484409886915
0.77760905216362,0.532807622996136,0.81509493217001,0.585312126600118
0.778726173104518,0.534648046069374,0.81612237380014,0.587138167363308
0.7798405696267,0.536488069686277,0.817146579230702,0.588962510623555
0.780952240863754,0.538327672420239,0.818167550796782,0.590785134929832
0.782061185986646,0.540166832897106,0.819185290875057,0.592606018933246
0.783167404203591,0.542005529795507,0.820199801883555,0.594425141387276
0.784270894759912,0.543843741847178,0.82121108628142,0.596242481148001
0.785371656937917,0.545681447837286,0.822219146568676,0.598058017174329
0.786469690056758,0.54751862660475,0.823223985285988,0.599871728528214
0.787564993472307,0.549355257042563,0.824225605014435,0.60168359437488
0.788657566577019,0.551191318098107,0.82522400837527,0.603493593983038
0.789747408799805,0.553026788773477,0.826219198029687,0.605301706725091
0.790834519605905,0.554861648125792,0.827211176678592,0.607107912077351
0.791918898496751,0.55669587526751,0.828199947062369,0.608912189620242
0.793000545009846,0.558529449366744,0.829185511960649,0.6107145190385
0.794079458718634,0.560362349647576,0.830167874192081,0.612514880121377
0.795155639232372,0.562194555390361,0.831147036614101,0.614313252762835
0.796229086196004,0.564026045932046,0.832123002122704,0.616109616961738
0.797299799290037,0.565856800666474,0.833095773652218,0.61790395282205
0.798367778230415,0.567686799044693,0.834065354175076,0.619696240553011
0.799433022768398,0.569516020575267,0.835031746701589,0.621486460469335
0.800495532690433,0.57134444482458,0.835994954279723,0.623274592991381
0.801555307818041,0.573172051417142,0.836954979994875,0.625060618645341
0.802612348007687,0.574998820035896,0.837911826969651,0.626844518063414
0.803666653150667,0.576824730422523,0.838865498363642,0.628626271983981
0.804718223172985,0.578649762377748,0.839815997373205,0.630405861251778
0.805767058035239,0.580473895761641,0.840763327231242,0.632183266818065
0.806813157732499,0.582297110493926,0.841707491206985,0.633958469740798
0.807856522294195,0.584119386554282,0.842648492605776,0.63573145118479
0.808897151784005,0.585940703982646,0.84358633476885,0.637502192421878
0.809935046299736,0.587761042879523,0.844521021073126,0.639270674831086
0.810970205973216,0.589580383406283,0.845452554930987,0.641036879898785
0.812002630970183,0.591398705785474,0.846380939790072,0.642800789218847
0.813032321490177,0.593215990301118,0.847306179133062,0.644562384492811
0.814059277766428,0.595032217299024,0.848228276477478,0.646321647530032
0.815083500065755,0.596847367187092,0.849147235375465,0.648078560247837
0.816104988688459,0.598661420435618,0.850063059413588,0.64983310467168
0.817123743968221,0.600474357577606,0.850975752212632,0.651585262935292
0.818139766271998,0.602286159209073,0.851885317427394,0.653335017280832
0.819153055999925,0.604096805989361,0.852791758746482,0.655082350059041
0.820163613585218,0.60590627864145,0.853695079892117,0.656827243729385
0.821171439494077,0.607714557952269,0.854595284619936,0.658569680860209
0.82217653422559,0.609521624773011,0.85549237671879,0.660309644128885
0.823178898311645,0.611327460019449,0.856386360010557,0.662047116321957
0.824178532316834,0.613132044672254,0.857277238349946,0.663782080335291
0.825175436838368,0.614935359777318,0.858165015624303,0.665514519174224
0.826169612505991,0.616737386446072,0.859049695753429,0.667244415953711
0.827161059981896,0.618538105855815,0.85993128268939,0.66897175389847
0.828149779960641,0.620337499250039,0.860809780416331,0.670696516343136
0.829135773169072,0.622135547938762,0.861685192950297,0.672418686732408
0.830119040366248,0.623932233298857,0.862557524339052,0.674138248621199
0.831099582343359,0.625727536774395,0.863426778661898,0.675855185674787
0.832077399923664,0.627521439876978,0.864292960029504,0.677569481668966
0.833052493962415,0.629313924186089,0.865156072583732,0.679281120490204
0.834024865346795,0.631104971349434,0.866016120497466,0.680990086135792
0.834994514995849,0.632894563083298,0.866873107974441,0.682696362714008
0.835961443860432,0.634682681172899,0.867727039249084,0.684399934444269
0.836925652923142,0.636469307472747,0.868577918586347,0.686100785657295
0.837887143198275,0.638254423907013,0.869425750281549,0.687798900795274
0.838845915731767,0.640038012469896,0.870270538660217,0.689494264412026
0.83980197160115,0.641820055226,0.871112288077936,0.691186861173172
0.840755311915507,0.643600534310718,0.871951002920194,0.692876675856308
0.841705937815433,0.645379431930614,0.872786687602238,0.694563693351178
0.842653850472994,0.647156730363822,0.873619346568928,0.696247898659853
0.843599051091701,0.648932411960444,0.874448984294596,0.697929276896919
0.844541540906476,0.650706459142959,0.875275605282907,0.699607813289658
0.845481321183629,0.652478854406632,0.876099214066729,0.701283493178243
0.846418393220838,0.654249580319945,0.876919815207999,0.702956302015935
0.847352758347132,0.656018619525021,0.877737413297596,0.704626225369283
0.848284417922881,0.657785954738065,0.878552012955223,0.706293248918332
0.849213373339789,0.65955156874981,0.879363618829285,0.707957358456839
0.850139626020893,0.661315444425976,0.880172235596772,0.709618539892487
0.851063177420563,0.663077564707733,0.880977867963155,0.711276779247115
0.851984029024516,0.664837912612182,0.881780520662276,0.712932062656949
0.852902182349827,0.666596471232838,0.882580198456246,0.714584376372841
0.853817638944948,0.668353223740131,0.883376906135353,0.716233706760521
0.854730400389734,0.670108153381912,0.884170648517967,0.717880040300848
0.855640468295479,0.67186124348398,0.884961430450452,0.719523363590078
0.856547844304946,0.673612477450612,0.885749256807088,0.721163663340136
0.857452530092419,0.675361838765113,0.886534132489994,0.722800926378899
0.858354527363748,0.677109310990377,0.887316062429055,0.724435139650491
0.859253837856411,0.678854877769462,0.888095051581861,0.726066290215585
0.860150463339577,0.680598522826183,0.888871104933644,0.72769436525172
0.861044405614182,0.682340229965717,0.889644227497229,0.729319352053625
0.861935666513002,0.684079983075226,0.890414424312984,0.730941238033559
0.862824247900753,0.6858177661245,0.891181700448782,0.732560010721664
0.863710151674174,0.68755356316661,0.891946060999969,0.734175657766328
0.864593379762146,0.689287358338592,0.892707511089333,0.735788166934565
0.865473934125795,0.691019135862137,0.893466055867091,0.737397526112411
0.866351816758623,0.692748880044312,0.894221700510871,0.739003723305332
0.867227029686639,0.694476575278297,0.894974450225716,0.740606746638648
0.8680995749685,0.696202206044144,0.895724310244081,0.742206584357981
0.868969454695668,0.697925756909563,0.896471285825848,0.743803224829712
0.869836670992574,0.699647212530728,0.89721538225835,0.745396656541461
0.870701226016789,0.701366557653113,0.897956604856398,0.746986868102588
0.871563121959219,0.703083777112344,0.89869495896232,0.748573848244713
0.872422361044298,0.704798855835097,0.899430449946012,0.750157585822252
0.873278945530201,0.706511778840004,0.900163083204997,0.75173806981299
0.874132877709073,0.708222531238604,0.900892864164492,0.75331528931866
0.874984159907261,0.709931098236318,0.901619798277491,0.754889233565557
0.87583279448557,0.71163746513346,0.902343891024854,0.756459891905178
0.876678783839533,0.713341617326281,0.90306514791541,0.758027253814885
0.877522130399687,0.715043540308046,0.903783574486074,0.759591308898596
0.878362836631877,0.716743219670153,0.90449917630197,0.76115204688751
0.879200905037566,0.718440641103292,0.905211958956577,0.76270945764086
0.880036338154171,0.720135790398633,0.905921928071876,0.764263531146695
0.880869138555412,0.721828653449073,0.906629089298524,0.765814257522704
0.881699308851678,0.723519216250516,0.907333448316033,0.767361627017065
0.882526851690418,0.725207464903201,0.908035010832967,0.768905630009344
0.883351769756548,0.726893385613082,0.908733782587158,0.770446257011418
0.884174065772879,0.728576964693259,0.909429769345933,0.771983498668448
0.88499374250057,0.730258188565454,0.910122976906363,0.773517345759896
0.885810802739602,0.731937043761554,0.910813411095527,0.775047789200579
0.886625249329275,0.7336135169252,0.911501077770793,0.776574820041773
0.887437085148732,0.73528759481345,0.912185982820127,0.778098429472368
0.888246313117507,0.736959264298491,0.912868132162407,0.779618608820071
0.889052936196103,0.738628512369427,0.913547531747775,0.781135349552663
0.889856957386595,0.740295326134136,0.914224187557997,0.782648643279313
0.890658379733263,0.741959692821193,0.914898105606858,0.78415848175195
0.891457206323263,0.743621599781878,0.915569291940566,0.785664856866693
0.892253440287317,0.745281034492254,0.916237752638201,0.787167760665356
0.89304708480045,0.746937984555341,0.916903493812167,0.788667185337006
0.893838143082756,0.748592437703362,0.917566521608694,0.790163123219602
0.894626618400199,0.750244381800094,0.91822684220835,0.791655566801706
0.89541251406546,0.751893804843311,0.918884461826594,0.793144508724271
0.896195833438817,0.753540694967322,0.919539386714357,0.794629941782508
0.896976579929073,0.755185040445624,0.920191623158655,0.796111858927844
0.897754756994525,0.756826829693658,0.920841177483234,0.797590253269969
0.898530368143981,0.758466051271689,0.92148805604926,0.799065118078971
0.899303416937829,0.760102693887801,0.922132265256033,0.80053644678758
0.90007390698915,0.761736746401024,0.922773811541751,0.802004232993509
0.900841841964891,0.763368197824596,0.923412701384311,0.803468470461908
0.901607225587093,0.764997037329368,0.924048941302154,0.804929153127932
0.902370061634179,0.766623254247351,0.924682537855156,0.806386275099428
0.903130353942299,0.768246838075429,0.925313497645563,0.807839830659756
0.90388810640675,0.769867778479231,0.925941827318982,0.809289814270736
0.904643322983453,0.771486065297177,0.92656753356542,0.810736220575742
0.905396007690517,0.773101688544706,0.92719062312038,0.812179044402939
0.906146164609861,0.774714638418701,0.927811102766013,0.813618280768681
0.906893797888935,0.776324905302106,0.928428979332338,0.815053924881076
0.907638911742508,0.777932479768771,0.929044259698513,0.816485972143714
0.908381510454558,0.779537352588503,0.92965695079419,0.81791441815959
0.909121598380249,0.781139514732373,0.930267059600926,0.819339258735214
0.909859179948005,0.782738957378259,0.930874593153684,0.820760489884924
0.910594259661695,0.784335671916661,0.931479558542396,0.822178107835418
0.911326842102921,0.785929649956788,0.932081962913626,0.823592109030513
0.912056931933423,0.787520883332947,0.932681813472311,0.825002490136136
0.912784533897609,0.789109364111238,0.933279117483601,0.826409248045582
0.913509652825212,0.790695084596574,0.933873882274789,0.827812379885027
0.914232293634085,0.792278037340061,0.934466115237355,0.829211883019336
0.914952461333137,0.793858215146734,0.935055823829114,0.830607755058165
0.915670161025427,0.795435611083688,0.93564301557648,0.831999993862379
0.916385397911413,0.797010218488623,0.936227698076856,0.833388597550816
0.917098177292382,0.798582030978821,0.936809879001152,0.834773564507398
0.917808504574052,0.800151042460598,0.93738956609644,0.836154893388627
0.91851638527037,0.801717247139234,0.937966767188761,0.837532583131483
0.919221825007519,0.803280639529435,0.93854149018608,0.838906632961747
0.919924829528134,0.804841214466349,0.939113743081412,0.840277042402774
0.920625404695753,0.806398967117174,0.939683533956115,0.841643811284755
0.921323556499514,0.80795389299338,0.940250870983382,0.843006939754488
0.922019291059112,0.80950598796362,0.940815762431918,0.844366428285693
0.922712614630027,0.811055248267335,0.941378216669835,0.845722277689905
0.923403533609061,0.81260167052912,0.941938242168768,0.847074489127998
0.924092054540172,0.814145251773901,0.942495847508232,0.84842306412235
0.92477818412066,0.815685989442967,0.943051041380235,0.849768004569728
0.925461929207701,0.817223881410928,0.943603832594156,0.851109312754913
0.926143296825269,0.818758926003647,0.944154230081923,0.852446991365133
0.926822294171459,0.820291122017226,0.944702242903491,0.853781043505351
0.927498928626258,0.821820468738111,0.945247880252664,0.855111472714469
0.928173207759774,0.823346965964402,0.945791151463259,0.856438282982518
0.928845139340972,0.824870614028443,0.946332066015658,0.857761478768899
0.929514731346942,0.826391413820804,0.946870633543766,0.859081065021746
0.930181991972747,0.827909366815724,0.947406863842405,0.860397047198509
0.930846929641888,0.829424475098167,0.947940766875179,0.861709431287827
0.93150955301743,0.830936741392562,0.948472352782837,0.863018223832808
0.932169871013852,0.8324461690934,0.949001631892192,0.8643234319558
0.93282789280965,0.8339527622978,0.949528614725607,0.865625063384793
0.933483627860787,0.835456525840203,0.950053312011119,0.866923126481549
0.934137085915021,0.836957465329375,0.950575734693243,0.868217630271631
0.93478827702721,0.838455587187884,0.951095893944501,0.869508584476443
0.935437211575648,0.839950898694261,0.951613801177748,0.870795999547483
0.936083900279533,0.841443408028063,0.952129468059347,0.872079886702951
0.936728354217663,0.842933124318079,0.952642906523279,0.873360257966944
0.93737058484844,0.844420057693939,0.953154128786249,0.874637126211431
0.938010604031318,0.845904219341416,0.953663147363887,0.875910505201247
0.938648424049814,0.847385621561754,0.954169975088128,0.877180409642384
0.939284057636207,0.848864277835348,0.954674625125879,0.878446855233847
0.939917517998084,0.850340202890194,0.955177110999099,0.879709858723411
0.94054881884691,0.851813412775513,0.955677446606389,0.880969437967616
0.94117797442878,0.853283924941049,0.956175646246267,0.882225611996403
0.941804999557587,0.854751758322539,0.956671724642256,0.883478401082809
0.942429909650815,0.856216933433975,0.957165696969976,0.88472782681822
0.943052720768209,0.857679472467277,0.95765757888642,0.885973912193694
0.943673449653621,0.85913939940013,0.958147386561638,0.887216681687966
0.944292113780327,0.860596740112776,0.958635136713057,0.888456161362797
0.944908731400175,0.862051522514679,0.959120846642711,0.889692378966399
0.94552332159696,0.863503776682072,0.959604534277687,0.890925364045777
0.946135904344465,0.864953535007529,0.960086218214106,0.892155148068932
0.946746500569667,0.866400832362847,0.960565917765034,0.893381764557951
0.94735513222167,0.867845706276671,0.961043653012738,0.894605249234192
0.947961822346988,0.86928819712851,0.961519444865773,0.895825640176899
0.948566595171919,0.870728348360982,0.961993315121453,0.897042977996743
0.949169476192794,0.872166206712381,0.962465286534302,0.89825730602604
0.94977049227505,0.873601822471969,0.96293538289122,0.899468670527573
0.950369671762168,0.875035249760683,0.963403629094137,0.900677120924268
0.950967044595695,0.87646654684039,0.963870051251094,0.901882710052267
0.951562642447718,0.877895776455253,0.964334676776797,0.903085494440318
0.952156498867399,0.879323006209275,0.964797534503843,0.904285534618854
0.952748649443383,0.88074830898479,0.96525865480603,0.905482895462629
0.953339131984222,0.88217176340732,0.965718069735359,0.906677646571396
0.953927986719265,0.883593454363169,0.966175813174591,0.907869862693835
0.954515256522868,0.885013473577115,0.966631921007556,0.909059624200781
0.955100987165302,0.886431920258822,0.967086431309746,0.910247017614834
0.955685227594257,0.887848901828095,0.967539384562195,0.911432136204656
0.956268030251574,0.889264534730862,0.967990823892153,0.912615080653716
0.956849451430672,0.890678945359962,0.968440795344718,0.913795959815049
0.957429551681161,0.892092271097441,0.968889348190372,0.914974891565739
0.958008396268355,0.893504661498258,0.969336535274291,0.916152003777482
0.958586055696995,0.894916279639287,0.969782413414521,0.917327435422839
0.959162606310302,0.896327303662332,0.970227043857488,0.918501337840789
0.959738130977919,0.897737928545967,0.97067049280117,0.919673876190161
0.960312719889187,0.899148368148573,0.971112831998453,0.920845231125786
0.960886471471923,0.900558857574466,0.971554139456039,0.922015600739988
0.961459493461584,0.901969655927116,0.971994500247869,0.92318520282205
0.962031904151681,0.903381049528905,0.972434007466561,0.924354277500918
0.962603833864055,0.904793355706746,0.972872763342305,0.925523090352805
0.963175426687687,0.906206927268755,0.973310880566293,0.926691936076627
0.963746842547884,0.907622157831092,0.973748483865826,0.927861142868074
0.964318259685189,0.909039488199011,0.974185711891573,0.929031077660096
0.964889877646753,0.910459414066376,0.974622719495296,0.930202152447124
0.965461920924664,0.911882495379517,0.975059680500596,0.931374831977464
0.966034643419333,0.913309367823341,0.975496791102438,0.932549643190507
0.966608333966698,0.914740757043637,0.975934274077545,0.933727186903777
0.967183323253857,0.916177496440065,0.976372384053183,0.934908152436291
0.967759992571076,0.917620549681378,0.97681141417598,0.936093336115657
0.968338785028848,0.919071039558733,0.977251704660261,0.937283664998463
0.968920220138728,0.920530285487021,0.977693653901465,0.938480227704699
0.969504913069876,0.921999853025575,0.978137733155425,0.93968431514071
0.970093600541582,0.923481620455424,0.978584506279048,0.940897475256311
0.970687176359795,0.924977870141556,0.979034656827415,0.942121588197207
0.971286741355863,0.926491416904217,0.979489026137935,0.943358971914767
0.971893675523972,0.928025793426413,0.979948668350857,0.944612534719311
0.97250974566986,0.929585526890363,0.980414932525138,0.945886002925631
0.973137272444372,0.931176568154181,0.9808895900687,0.947184274066463
0.973779402191961,0.932806990126965,0.981375042153726,0.948513991717586
0.974440576653636,0.934488194226445,0.981874678121432,0.949884538605855
0.975127409761358,0.936237162080971,0.982393544552779,0.951309890225177
0.975850504233022,0.938081119895601,0.982939731497129,0.952812454601238
0.97662882228346,0.940068758749199,0.983527707450891,0.95443230823119
0.977503009510264,0.94230443220274,0.984188483130419,0.956255338152062
0.978599532986405,0.945112738619103,0.985018497026745,0.958548568892083
1,1,1,1
